-- MariaDB dump 10.19-11.0.2-MariaDB, for Win64 (AMD64)
--
-- Host: 127.0.0.1    Database: gall
-- ------------------------------------------------------
-- Server version	11.0.2-MariaDB

/*!40101 SET @OLD_CHARACTER_SET_CLIENT=@@CHARACTER_SET_CLIENT */;
/*!40101 SET @OLD_CHARACTER_SET_RESULTS=@@CHARACTER_SET_RESULTS */;
/*!40101 SET @OLD_COLLATION_CONNECTION=@@COLLATION_CONNECTION */;
/*!40101 SET NAMES utf8mb4 */;
/*!40103 SET @OLD_TIME_ZONE=@@TIME_ZONE */;
/*!40103 SET TIME_ZONE='+00:00' */;
/*!40014 SET @OLD_UNIQUE_CHECKS=@@UNIQUE_CHECKS, UNIQUE_CHECKS=0 */;
/*!40014 SET @OLD_FOREIGN_KEY_CHECKS=@@FOREIGN_KEY_CHECKS, FOREIGN_KEY_CHECKS=0 */;
/*!40101 SET @OLD_SQL_MODE=@@SQL_MODE, SQL_MODE='NO_AUTO_VALUE_ON_ZERO' */;
/*!40111 SET @OLD_SQL_NOTES=@@SQL_NOTES, SQL_NOTES=0 */;

--
-- Table structure for table `cmt`
--

DROP TABLE IF EXISTS `cmt`;
/*!40101 SET @saved_cs_client     = @@character_set_client */;
/*!40101 SET character_set_client = utf8 */;
CREATE TABLE `cmt` (
  `id` int(10) unsigned NOT NULL AUTO_INCREMENT,
  `content` varchar(200) NOT NULL,
  `post_id` int(10) unsigned DEFAULT NULL,
  `writer` varchar(30) NOT NULL,
  `created_at` datetime DEFAULT current_timestamp(),
  `pw` varchar(20) NOT NULL,
  PRIMARY KEY (`id`),
  KEY `post_id` (`post_id`),
  CONSTRAINT `cmt_ibfk_1` FOREIGN KEY (`post_id`) REFERENCES `post` (`id`)
) ENGINE=InnoDB AUTO_INCREMENT=105 DEFAULT CHARSET=utf8mb4 COLLATE=utf8mb4_general_ci;
/*!40101 SET character_set_client = @saved_cs_client */;

--
-- Dumping data for table `cmt`
--

LOCK TABLES `cmt` WRITE;
/*!40000 ALTER TABLE `cmt` DISABLE KEYS */;
INSERT INTO `cmt` VALUES
(1,'non velit donec diam neque vestibulum eget vulputate ut ultrices vel augue vestibulum ante ipsum',22,'dfante0','2023-06-08 10:57:52',''),
(2,'etiam pretium iaculis justo in hac habitasse platea dictumst etiam faucibus cursus urna ut',1,'cdoreward1','2023-06-08 10:57:52',''),
(3,'congue eget semper rutrum nulla nunc purus phasellus in felis donec semper sapien a libero nam dui proin leo odio',10,'cconybear2','2023-06-08 10:57:52',''),
(4,'rutrum neque aenean auctor gravida sem praesent id massa id nisl venenatis lacinia aenean sit amet justo',3,'jrizzotto3','2023-06-08 10:57:52',''),
(5,'orci nullam molestie nibh in lectus pellentesque at nulla suspendisse potenti',24,'mwakeford4','2023-06-08 10:57:52',''),
(6,'tempus sit amet sem fusce consequat nulla nisl nunc nisl duis bibendum',42,'sfruish5','2023-06-08 10:57:52',''),
(7,'ac diam cras pellentesque volutpat dui maecenas tristique est et tempus semper est quam pharetra magna ac',23,'bmoss6','2023-06-08 10:57:52',''),
(8,'consequat nulla nisl nunc nisl duis bibendum felis sed interdum venenatis turpis enim blandit mi in porttitor pede',35,'crosenthaler7','2023-06-08 10:57:52',''),
(9,'nec condimentum neque sapien placerat ante nulla justo aliquam quis turpis eget elit sodales',4,'sgever8','2023-06-08 10:57:52',''),
(10,'id ligula suspendisse ornare consequat lectus in est risus auctor sed tristique in',25,'ceveque9','2023-06-08 10:57:52',''),
(11,'ipsum primis in faucibus orci luctus et ultrices posuere cubilia curae',40,'dlonghornea','2023-06-08 10:57:52',''),
(12,'viverra diam vitae quam suspendisse potenti nullam porttitor lacus at turpis',19,'nseckomb','2023-06-08 10:57:52',''),
(13,'maecenas tincidunt lacus at velit vivamus vel nulla eget eros',22,'praithc','2023-06-08 10:57:52',''),
(14,'sed vestibulum sit amet cursus id turpis integer aliquet massa id',39,'dprantonid','2023-06-08 10:57:52',''),
(15,'pede venenatis non sodales sed tincidunt eu felis fusce posuere felis sed lacus morbi sem mauris laoreet ut rhoncus aliquet',34,'csimonine','2023-06-08 10:57:52',''),
(16,'aliquam convallis nunc proin at turpis a pede posuere nonummy integer non velit donec diam neque vestibulum eget',19,'nmcclenaghanf','2023-06-08 10:57:52',''),
(17,'vel accumsan tellus nisi eu orci mauris lacinia sapien quis',26,'jcuniamg','2023-06-08 10:57:52',''),
(18,'in blandit ultrices enim lorem ipsum dolor sit amet consectetuer',38,'wtolworthyh','2023-06-08 10:57:52',''),
(19,'cubilia curae mauris viverra diam vitae quam suspendisse potenti nullam porttitor lacus at turpis donec posuere',5,'gjohanningi','2023-06-08 10:57:52',''),
(20,'lobortis ligula sit amet eleifend pede libero quis orci nullam molestie nibh in',28,'amacgillej','2023-06-08 10:57:52',''),
(21,'ridiculus mus vivamus vestibulum sagittis sapien cum sociis natoque penatibus et magnis dis parturient montes nascetur ridiculus mus',18,'djurak','2023-06-08 10:57:52',''),
(22,'lorem ipsum dolor sit amet consectetuer adipiscing elit proin interdum mauris non ligula pellentesque ultrices phasellus id sapien',26,'tkierl','2023-06-08 10:57:52',''),
(23,'et eros vestibulum ac est lacinia nisi venenatis tristique fusce congue diam id ornare',9,'mberingerm','2023-06-08 10:57:52',''),
(24,'aliquet ultrices erat tortor sollicitudin mi sit amet lobortis sapien sapien',42,'rshattockn','2023-06-08 10:57:52',''),
(25,'ullamcorper augue a suscipit nulla elit ac nulla sed vel enim sit amet nunc viverra dapibus nulla suscipit ligula in',44,'ggrigoriscuo','2023-06-08 10:57:52',''),
(26,'elementum in hac habitasse platea dictumst morbi vestibulum velit id pretium iaculis diam erat fermentum justo nec',40,'jseakingp','2023-06-08 10:57:52',''),
(27,'id turpis integer aliquet massa id lobortis convallis tortor risus dapibus augue vel accumsan tellus nisi eu orci mauris',24,'lscapelhornq','2023-06-08 10:57:52',''),
(28,'penatibus et magnis dis parturient montes nascetur ridiculus mus vivamus vestibulum sagittis sapien cum sociis natoque penatibus et magnis',22,'lrittmeierr','2023-06-08 10:57:52',''),
(29,'quis lectus suspendisse potenti in eleifend quam a odio in hac habitasse platea dictumst maecenas ut massa quis',17,'scottages','2023-06-08 10:57:52',''),
(30,'ut tellus nulla ut erat id mauris vulputate elementum nullam varius nulla facilisi cras non velit nec nisi vulputate',21,'dmaltbyt','2023-06-08 10:57:52',''),
(31,'proin eu mi nulla ac enim in tempor turpis nec euismod scelerisque quam turpis adipiscing lorem vitae',38,'rbrandesu','2023-06-08 10:57:52',''),
(32,'tincidunt nulla mollis molestie lorem quisque ut erat curabitur gravida nisi at',8,'dcriminv','2023-06-08 10:57:52',''),
(33,'lacinia sapien quis libero nullam sit amet turpis elementum ligula',15,'aclampinw','2023-06-08 10:57:52',''),
(34,'euismod scelerisque quam turpis adipiscing lorem vitae mattis nibh ligula nec sem duis aliquam convallis nunc proin',28,'kferrerox','2023-06-08 10:57:52',''),
(35,'velit vivamus vel nulla eget eros elementum pellentesque quisque porta volutpat',33,'creinay','2023-06-08 10:57:52',''),
(36,'in porttitor pede justo eu massa donec dapibus duis at velit eu est congue elementum in hac habitasse platea',9,'ldominyz','2023-06-08 10:57:52',''),
(37,'consequat metus sapien ut nunc vestibulum ante ipsum primis in',34,'lstation10','2023-06-08 10:57:52',''),
(38,'sodales sed tincidunt eu felis fusce posuere felis sed lacus morbi sem mauris laoreet ut rhoncus aliquet pulvinar',35,'sluis11','2023-06-08 10:57:52',''),
(39,'sodales scelerisque mauris sit amet eros suspendisse accumsan tortor quis turpis sed ante',35,'ipeter12','2023-06-08 10:57:52',''),
(40,'sodales sed tincidunt eu felis fusce posuere felis sed lacus morbi sem mauris laoreet ut rhoncus aliquet',13,'gealam13','2023-06-08 10:57:52',''),
(41,'donec diam neque vestibulum eget vulputate ut ultrices vel augue vestibulum ante ipsum primis in faucibus orci luctus et ultrices',13,'hearland14','2023-06-08 10:57:52',''),
(42,'leo pellentesque ultrices mattis odio donec vitae nisi nam ultrices libero non mattis pulvinar nulla pede',43,'calvares15','2023-06-08 10:57:52',''),
(43,'maecenas ut massa quis augue luctus tincidunt nulla mollis molestie lorem quisque',6,'gdrohane16','2023-06-08 10:57:52',''),
(44,'ac leo pellentesque ultrices mattis odio donec vitae nisi nam ultrices libero non mattis pulvinar nulla pede ullamcorper',36,'dtirone17','2023-06-08 10:57:52',''),
(45,'lorem vitae mattis nibh ligula nec sem duis aliquam convallis nunc proin at turpis a pede posuere nonummy',23,'cpetrillo18','2023-06-08 10:57:52',''),
(46,'montes nascetur ridiculus mus etiam vel augue vestibulum rutrum rutrum neque',25,'lfermoy19','2023-06-08 10:57:52',''),
(47,'rutrum rutrum neque aenean auctor gravida sem praesent id massa id nisl venenatis lacinia aenean sit amet justo morbi',38,'kantonelli1a','2023-06-08 10:57:52',''),
(48,'primis in faucibus orci luctus et ultrices posuere cubilia curae donec pharetra magna vestibulum aliquet ultrices erat',41,'fkinnon1b','2023-06-08 10:57:52',''),
(49,'mus etiam vel augue vestibulum rutrum rutrum neque aenean auctor gravida sem praesent id massa id nisl',44,'kmacmechan1c','2023-06-08 10:57:52',''),
(50,'in hac habitasse platea dictumst aliquam augue quam sollicitudin vitae consectetuer eget rutrum',25,'gwadwell1d','2023-06-08 10:57:52',''),
(51,'orci luctus et ultrices posuere cubilia curae mauris viverra diam vitae quam suspendisse potenti',34,'rgordon1e','2023-06-08 10:57:52',''),
(52,'vitae mattis nibh ligula nec sem duis aliquam convallis nunc proin',5,'lrickwood1f','2023-06-08 10:57:52',''),
(53,'at nulla suspendisse potenti cras in purus eu magna vulputate luctus cum sociis natoque penatibus et magnis dis',35,'kcourcey1g','2023-06-08 10:57:52',''),
(54,'pulvinar sed nisl nunc rhoncus dui vel sem sed sagittis nam congue risus semper porta volutpat quam pede',39,'lschafer1h','2023-06-08 10:57:52',''),
(55,'lacus morbi sem mauris laoreet ut rhoncus aliquet pulvinar sed',21,'afoord1i','2023-06-08 10:57:52',''),
(56,'in lectus pellentesque at nulla suspendisse potenti cras in purus eu magna vulputate luctus cum sociis natoque penatibus et magnis',35,'ecordeux1j','2023-06-08 10:57:52',''),
(57,'lacinia eget tincidunt eget tempus vel pede morbi porttitor lorem id ligula suspendisse ornare consequat',7,'cbakes1k','2023-06-08 10:57:52',''),
(58,'adipiscing elit proin risus praesent lectus vestibulum quam sapien varius ut',8,'bfrancie1l','2023-06-08 10:57:52',''),
(59,'metus arcu adipiscing molestie hendrerit at vulputate vitae nisl aenean lectus pellentesque eget nunc donec',38,'wmilmore1m','2023-06-08 10:57:52',''),
(60,'maecenas ut massa quis augue luctus tincidunt nulla mollis molestie lorem quisque ut erat curabitur gravida nisi',3,'ebassingham1n','2023-06-08 10:57:52',''),
(61,'faucibus orci luctus et ultrices posuere cubilia curae donec pharetra magna vestibulum aliquet ultrices erat tortor sollicitudin mi sit amet',32,'cluety1o','2023-06-08 10:57:52',''),
(62,'lacinia nisi venenatis tristique fusce congue diam id ornare imperdiet',17,'espyvye1p','2023-06-08 10:57:52',''),
(63,'velit donec diam neque vestibulum eget vulputate ut ultrices vel augue vestibulum ante ipsum',9,'tkneale1q','2023-06-08 10:57:52',''),
(64,'est lacinia nisi venenatis tristique fusce congue diam id ornare imperdiet sapien urna pretium nisl ut volutpat sapien arcu',30,'obirkby1r','2023-06-08 10:57:52',''),
(65,'etiam faucibus cursus urna ut tellus nulla ut erat id mauris vulputate elementum nullam varius nulla',19,'jpressey1s','2023-06-08 10:57:52',''),
(66,'nascetur ridiculus mus vivamus vestibulum sagittis sapien cum sociis natoque penatibus et magnis dis',9,'ctupper1t','2023-06-08 10:57:52',''),
(67,'sed magna at nunc commodo placerat praesent blandit nam nulla integer pede justo lacinia eget tincidunt eget',22,'jvonnassau1u','2023-06-08 10:57:52',''),
(68,'vulputate vitae nisl aenean lectus pellentesque eget nunc donec quis orci eget orci vehicula condimentum curabitur in',27,'mphilippsohn1v','2023-06-08 10:57:52',''),
(69,'ante ipsum primis in faucibus orci luctus et ultrices posuere cubilia curae donec pharetra magna',16,'gcawker1w','2023-06-08 10:57:52',''),
(70,'posuere felis sed lacus morbi sem mauris laoreet ut rhoncus aliquet pulvinar sed',13,'ntigwell1x','2023-06-08 10:57:52',''),
(71,'praesent id massa id nisl venenatis lacinia aenean sit amet justo morbi ut odio cras',2,'charrowing1y','2023-06-08 10:57:52',''),
(72,'pellentesque volutpat dui maecenas tristique est et tempus semper est',12,'nevetts1z','2023-06-08 10:57:52',''),
(73,'integer aliquet massa id lobortis convallis tortor risus dapibus augue vel',33,'ggirardet20','2023-06-08 10:57:52',''),
(74,'purus phasellus in felis donec semper sapien a libero nam dui proin leo odio porttitor id consequat in',16,'tvaudre21','2023-06-08 10:57:52',''),
(75,'magnis dis parturient montes nascetur ridiculus mus etiam vel augue vestibulum rutrum rutrum neque aenean auctor gravida sem praesent id',41,'cchrishop22','2023-06-08 10:57:52',''),
(76,'purus phasellus in felis donec semper sapien a libero nam dui proin leo odio porttitor id consequat in',29,'ocoathup23','2023-06-08 10:57:52',''),
(77,'sed tincidunt eu felis fusce posuere felis sed lacus morbi sem mauris laoreet ut rhoncus aliquet pulvinar',42,'tmattes24','2023-06-08 10:57:52',''),
(78,'curae duis faucibus accumsan odio curabitur convallis duis consequat dui nec nisi volutpat eleifend donec',10,'browett25','2023-06-08 10:57:52',''),
(79,'porta volutpat quam pede lobortis ligula sit amet eleifend pede libero',26,'jreboul26','2023-06-08 10:57:52',''),
(80,'in lacus curabitur at ipsum ac tellus semper interdum mauris ullamcorper purus sit amet',14,'efarrant27','2023-06-08 10:57:52',''),
(81,'posuere metus vitae ipsum aliquam non mauris morbi non lectus aliquam sit amet diam in magna',14,'aingree28','2023-06-08 10:57:52',''),
(82,'platea dictumst aliquam augue quam sollicitudin vitae consectetuer eget rutrum at lorem integer tincidunt ante vel ipsum praesent',41,'cmandifield29','2023-06-08 10:57:52',''),
(83,'condimentum neque sapien placerat ante nulla justo aliquam quis turpis eget',45,'tgimenez2a','2023-06-08 10:57:52',''),
(84,'leo odio porttitor id consequat in consequat ut nulla sed accumsan felis ut at dolor quis odio consequat varius',27,'cdedenham2b','2023-06-08 10:57:52',''),
(85,'nam dui proin leo odio porttitor id consequat in consequat ut',29,'fmarnane2c','2023-06-08 10:57:52',''),
(86,'erat curabitur gravida nisi at nibh in hac habitasse platea dictumst aliquam augue quam sollicitudin vitae consectetuer',29,'fstroban2d','2023-06-08 10:57:52',''),
(87,'nunc donec quis orci eget orci vehicula condimentum curabitur in libero ut massa volutpat convallis',1,'jbernlin2e','2023-06-08 10:57:52',''),
(88,'justo maecenas rhoncus aliquam lacus morbi quis tortor id nulla ultrices aliquet maecenas',1,'ssomner2f','2023-06-08 10:57:52',''),
(89,'ante ipsum primis in faucibus orci luctus et ultrices posuere cubilia curae mauris viverra',30,'egethyn2g','2023-06-08 10:57:52',''),
(90,'quisque ut erat curabitur gravida nisi at nibh in hac habitasse platea dictumst aliquam augue quam',3,'wrudyard2h','2023-06-08 10:57:52',''),
(91,'ultrices vel augue vestibulum ante ipsum primis in faucibus orci luctus et ultrices posuere cubilia curae donec pharetra magna',2,'dpracy2i','2023-06-08 10:57:52',''),
(92,'feugiat et eros vestibulum ac est lacinia nisi venenatis tristique fusce congue diam id ornare',28,'bbreffit2j','2023-06-08 10:57:52',''),
(93,'ultrices enim lorem ipsum dolor sit amet consectetuer adipiscing elit proin interdum mauris non ligula pellentesque ultrices phasellus id',42,'amaccaig2k','2023-06-08 10:57:52',''),
(94,'rhoncus sed vestibulum sit amet cursus id turpis integer aliquet massa id lobortis convallis tortor risus',37,'epenella2l','2023-06-08 10:57:52',''),
(95,'sit amet sem fusce consequat nulla nisl nunc nisl duis bibendum felis sed interdum venenatis',4,'bchansonnau2m','2023-06-08 10:57:52',''),
(96,'aliquam non mauris morbi non lectus aliquam sit amet diam in magna bibendum',8,'sphippen2n','2023-06-08 10:57:52',''),
(97,'tempus vel pede morbi porttitor lorem id ligula suspendisse ornare consequat',27,'egheerhaert2o','2023-06-08 10:57:52',''),
(98,'fermentum donec ut mauris eget massa tempor convallis nulla neque libero',15,'mloddon2p','2023-06-08 10:57:52',''),
(99,'orci luctus et ultrices posuere cubilia curae mauris viverra diam vitae quam suspendisse potenti nullam porttitor',29,'rmcmichan2q','2023-06-08 10:57:52',''),
(100,'justo in blandit ultrices enim lorem ipsum dolor sit amet consectetuer adipiscing elit proin',29,'drobiot2r','2023-06-08 10:57:52',''),
(101,'zz',303,'ㅇㅇ','2023-06-14 17:51:11','1'),
(102,'개추',303,'ㅇㅇ','2023-06-14 17:54:36','1'),
(103,'ㄹㅇㅋㅋ',303,'ㅇㅇ','2023-06-14 17:59:29','1'),
(104,'너구리는 못참지 ㅋㅋ',303,'ㅇㅇ','2023-06-14 23:39:05','1');
/*!40000 ALTER TABLE `cmt` ENABLE KEYS */;
UNLOCK TABLES;

--
-- Table structure for table `gall_category`
--

DROP TABLE IF EXISTS `gall_category`;
/*!40101 SET @saved_cs_client     = @@character_set_client */;
/*!40101 SET character_set_client = utf8 */;
CREATE TABLE `gall_category` (
  `id` int(10) unsigned NOT NULL AUTO_INCREMENT,
  `name` varchar(20) NOT NULL,
  PRIMARY KEY (`id`)
) ENGINE=InnoDB AUTO_INCREMENT=9 DEFAULT CHARSET=utf8mb4 COLLATE=utf8mb4_general_ci;
/*!40101 SET character_set_client = @saved_cs_client */;

--
-- Dumping data for table `gall_category`
--

LOCK TABLES `gall_category` WRITE;
/*!40000 ALTER TABLE `gall_category` DISABLE KEYS */;
INSERT INTO `gall_category` VALUES
(1,'게임'),
(2,'스포츠'),
(3,'취미'),
(4,'음악'),
(5,'디지털/IT'),
(6,'스페셜'),
(7,'만화/애니'),
(8,'교육');
/*!40000 ALTER TABLE `gall_category` ENABLE KEYS */;
UNLOCK TABLES;

--
-- Table structure for table `gall_list`
--

DROP TABLE IF EXISTS `gall_list`;
/*!40101 SET @saved_cs_client     = @@character_set_client */;
/*!40101 SET character_set_client = utf8 */;
CREATE TABLE `gall_list` (
  `id` int(10) unsigned NOT NULL AUTO_INCREMENT,
  `name` varchar(20) NOT NULL,
  `category_id` int(10) unsigned NOT NULL,
  `type_id` int(10) unsigned NOT NULL,
  `intro` varchar(200) DEFAULT NULL,
  `admin` varchar(20) DEFAULT NULL,
  `sub_admin` varchar(20) DEFAULT NULL,
  `created_at` date DEFAULT curdate(),
  `image` varchar(100) DEFAULT NULL,
  PRIMARY KEY (`id`),
  KEY `category_id` (`category_id`),
  KEY `type_id` (`type_id`),
  CONSTRAINT `gall_list_ibfk_1` FOREIGN KEY (`category_id`) REFERENCES `gall_category` (`id`),
  CONSTRAINT `gall_list_ibfk_2` FOREIGN KEY (`type_id`) REFERENCES `gall_type` (`id`)
) ENGINE=InnoDB AUTO_INCREMENT=13 DEFAULT CHARSET=utf8mb4 COLLATE=utf8mb4_general_ci;
/*!40101 SET character_set_client = @saved_cs_client */;

--
-- Dumping data for table `gall_list`
--

LOCK TABLES `gall_list` WRITE;
/*!40000 ALTER TABLE `gall_list` DISABLE KEYS */;
INSERT INTO `gall_list` VALUES
(1,'실시간 베스트',6,1,NULL,NULL,NULL,'0000-00-00',NULL),
(2,'HIT',6,1,NULL,NULL,NULL,'0000-00-00',NULL),
(3,'해외축구',2,1,NULL,NULL,NULL,'2022-09-12',NULL),
(4,'만화',7,1,NULL,NULL,NULL,'2021-09-12',NULL),
(5,'리그 오브 레전드',1,1,NULL,NULL,NULL,'2015-05-07',NULL),
(6,'프로그래밍',5,1,NULL,NULL,NULL,'2023-04-06',NULL),
(7,'국내야구',2,1,NULL,NULL,NULL,'2023-05-23',NULL),
(8,'프로젝트 세카이',1,2,'SEGA×크립톤×컬러풀 파레트의 모바일 리듬 게임 프로젝트 세카이 컬러풀 스테이지! feat. 하츠네 미쿠에 대해 다루는 갤러리입니다.',NULL,NULL,'2039-03-09',NULL),
(9,'삼성 라이온즈',2,1,NULL,NULL,NULL,'2023-02-10','samsunglions_new_temp2.jpg'),
(10,'일본어',8,3,'일본어 공부 갤러리',NULL,NULL,'2023-02-14',NULL),
(11,'봇치 더 락',7,2,'하마지 아키의 4컷만화 \"봇치 더 락!\"마이너 갤러리입니다.',NULL,NULL,'2023-02-14',NULL),
(12,'테스트',6,1,NULL,NULL,NULL,'2023-06-09',NULL);
/*!40000 ALTER TABLE `gall_list` ENABLE KEYS */;
UNLOCK TABLES;

--
-- Table structure for table `gall_type`
--

DROP TABLE IF EXISTS `gall_type`;
/*!40101 SET @saved_cs_client     = @@character_set_client */;
/*!40101 SET character_set_client = utf8 */;
CREATE TABLE `gall_type` (
  `id` int(10) unsigned NOT NULL AUTO_INCREMENT,
  `type` char(5) NOT NULL,
  PRIMARY KEY (`id`)
) ENGINE=InnoDB AUTO_INCREMENT=4 DEFAULT CHARSET=utf8mb4 COLLATE=utf8mb4_general_ci;
/*!40101 SET character_set_client = @saved_cs_client */;

--
-- Dumping data for table `gall_type`
--

LOCK TABLES `gall_type` WRITE;
/*!40000 ALTER TABLE `gall_type` DISABLE KEYS */;
INSERT INTO `gall_type` VALUES
(1,'main'),
(2,'minor'),
(3,'mini');
/*!40000 ALTER TABLE `gall_type` ENABLE KEYS */;
UNLOCK TABLES;

--
-- Table structure for table `post`
--

DROP TABLE IF EXISTS `post`;
/*!40101 SET @saved_cs_client     = @@character_set_client */;
/*!40101 SET character_set_client = utf8 */;
CREATE TABLE `post` (
  `id` int(10) unsigned NOT NULL AUTO_INCREMENT,
  `gall_id` int(10) unsigned NOT NULL,
  `title` varchar(100) NOT NULL,
  `content` text NOT NULL,
  `writer` varchar(30) NOT NULL,
  `created_at` datetime DEFAULT current_timestamp(),
  `hits` int(10) unsigned NOT NULL DEFAULT 0,
  `reco_num` int(10) unsigned NOT NULL DEFAULT 0,
  `deco_num` int(10) unsigned NOT NULL DEFAULT 0,
  `pw` varchar(20) NOT NULL,
  PRIMARY KEY (`id`),
  KEY `gall_id` (`gall_id`),
  CONSTRAINT `post_ibfk_1` FOREIGN KEY (`gall_id`) REFERENCES `gall_list` (`id`)
) ENGINE=InnoDB AUTO_INCREMENT=304 DEFAULT CHARSET=utf8mb4 COLLATE=utf8mb4_general_ci;
/*!40101 SET character_set_client = @saved_cs_client */;

--
-- Dumping data for table `post`
--

LOCK TABLES `post` WRITE;
/*!40000 ALTER TABLE `post` DISABLE KEYS */;
INSERT INTO `post` VALUES
(1,7,'Duis at velit eu est congue elementum.','Curabitur at ipsum ac tellus semper interdum. Mauris ullamcorper purus sit amet nulla. Quisque arcu libero, rutrum ac, lobortis vel, dapibus at, diam.','Harrietta','2023-06-07 17:07:57',0,30,0,'1111'),
(2,11,'Mauris enim leo, rhoncus sed, vestibulum sit amet, cursus id, turpis.','In congue. Etiam justo. Etiam pretium iaculis justo.','Alan','2023-06-07 17:10:32',0,40,0,'1111'),
(3,3,'Ut tellus.','Fusce posuere felis sed lacus. Morbi sem mauris, laoreet ut, rhoncus aliquet, pulvinar sed, nisl. Nunc rhoncus dui vel sem.','Daisie','2023-06-07 17:10:32',0,20,0,'1111'),
(4,6,'Vivamus vel nulla eget eros elementum pellentesque.','In sagittis dui vel nisl. Duis ac nibh. Fusce lacus purus, aliquet at, feugiat non, pretium quis, lectus.','Ev','2023-06-07 17:10:32',0,25,0,'1111'),
(5,5,'Donec vitae nisi.','Proin leo odio, porttitor id, consequat in, consequat ut, nulla. Sed accumsan felis. Ut at dolor quis odio consequat varius.\n\nInteger ac leo. Pellentesque ultrices mattis odio. Donec vitae nisi.','Paxon','2023-06-07 17:10:32',0,0,0,'1111'),
(6,8,'Suspendisse potenti.','Praesent blandit. Nam nulla. Integer pede justo, lacinia eget, tincidunt eget, tempus vel, pede.\n\nMorbi porttitor lorem id ligula. Suspendisse ornare consequat lectus. In est risus, auctor sed, tristique in, tempus sit amet, sem.','Filberte','2023-06-07 17:10:32',0,0,0,'1111'),
(7,4,'Maecenas leo odio, condimentum id, luctus nec, molestie sed, justo.','Duis consequat dui nec nisi volutpat eleifend. Donec ut dolor. Morbi vel lectus in quam fringilla rhoncus.\n\nMauris enim leo, rhoncus sed, vestibulum sit amet, cursus id, turpis. Integer aliquet, massa id lobortis convallis, tortor risus dapibus augue, vel accumsan tellus nisi eu orci. Mauris lacinia sapien quis libero.\n\nNullam sit amet turpis elementum ligula vehicula consequat. Morbi a ipsum. Integer a nibh.','Town','2023-06-07 17:10:32',0,0,0,'1111'),
(8,4,'Quisque erat eros, viverra eget, congue eget, semper rutrum, nulla.','Etiam vel augue. Vestibulum rutrum rutrum neque. Aenean auctor gravida sem.\n\nPraesent id massa id nisl venenatis lacinia. Aenean sit amet justo. Morbi ut odio.','Gayel','2023-06-07 17:10:32',0,0,0,'1111'),
(9,3,'Maecenas pulvinar lobortis est.','Cras mi pede, malesuada in, imperdiet et, commodo vulputate, justo. In blandit ultrices enim. Lorem ipsum dolor sit amet, consectetuer adipiscing elit.\n\nProin interdum mauris non ligula pellentesque ultrices. Phasellus id sapien in sapien iaculis congue. Vivamus metus arcu, adipiscing molestie, hendrerit at, vulputate vitae, nisl.\n\nAenean lectus. Pellentesque eget nunc. Donec quis orci eget orci vehicula condimentum.','Ranee','2023-06-07 17:10:32',0,0,0,'1111'),
(10,8,'Praesent lectus.','In hac habitasse platea dictumst. Etiam faucibus cursus urna. Ut tellus.\n\nNulla ut erat id mauris vulputate elementum. Nullam varius. Nulla facilisi.\n\nCras non velit nec nisi vulputate nonummy. Maecenas tincidunt lacus at velit. Vivamus vel nulla eget eros elementum pellentesque.','Vale','2023-06-07 17:10:32',0,0,0,'1111'),
(11,10,'Nullam porttitor lacus at turpis.','Nullam sit amet turpis elementum ligula vehicula consequat. Morbi a ipsum. Integer a nibh.\n\nIn quis justo. Maecenas rhoncus aliquam lacus. Morbi quis tortor id nulla ultrices aliquet.\n\nMaecenas leo odio, condimentum id, luctus nec, molestie sed, justo. Pellentesque viverra pede ac diam. Cras pellentesque volutpat dui.','Cassey','2023-06-07 17:10:32',0,0,0,'1111'),
(12,7,'Fusce congue, diam id ornare imperdiet, sapien urna pretium nisl, ut volutpat sapien arcu sed augue.','Nullam sit amet turpis elementum ligula vehicula consequat. Morbi a ipsum. Integer a nibh.','Velma','2023-06-07 17:10:32',0,0,0,'1111'),
(13,6,'Cras in purus eu magna vulputate luctus.','Praesent id massa id nisl venenatis lacinia. Aenean sit amet justo. Morbi ut odio.','Maynord','2023-06-07 17:10:32',0,0,0,'1111'),
(14,8,'Nulla tempus.','Duis consequat dui nec nisi volutpat eleifend. Donec ut dolor. Morbi vel lectus in quam fringilla rhoncus.\n\nMauris enim leo, rhoncus sed, vestibulum sit amet, cursus id, turpis. Integer aliquet, massa id lobortis convallis, tortor risus dapibus augue, vel accumsan tellus nisi eu orci. Mauris lacinia sapien quis libero.','Gipsy','2023-06-07 17:10:32',0,0,0,'1111'),
(15,10,'Nulla tempus.','In quis justo. Maecenas rhoncus aliquam lacus. Morbi quis tortor id nulla ultrices aliquet.\n\nMaecenas leo odio, condimentum id, luctus nec, molestie sed, justo. Pellentesque viverra pede ac diam. Cras pellentesque volutpat dui.\n\nMaecenas tristique, est et tempus semper, est quam pharetra magna, ac consequat metus sapien ut nunc. Vestibulum ante ipsum primis in faucibus orci luctus et ultrices posuere cubilia Curae; Mauris viverra diam vitae quam. Suspendisse potenti.','Tobias','2023-06-07 17:10:32',0,0,0,'1111'),
(16,5,'Nullam orci pede, venenatis non, sodales sed, tincidunt eu, felis.','Sed ante. Vivamus tortor. Duis mattis egestas metus.\n\nAenean fermentum. Donec ut mauris eget massa tempor convallis. Nulla neque libero, convallis eget, eleifend luctus, ultricies eu, nibh.','Freddie','2023-06-07 17:10:32',0,0,0,'1111'),
(17,11,'Vestibulum rutrum rutrum neque.','Sed ante. Vivamus tortor. Duis mattis egestas metus.\n\nAenean fermentum. Donec ut mauris eget massa tempor convallis. Nulla neque libero, convallis eget, eleifend luctus, ultricies eu, nibh.','Khalil','2023-06-07 17:10:32',0,0,0,'1111'),
(18,3,'In eleifend quam a odio.','Vestibulum ac est lacinia nisi venenatis tristique. Fusce congue, diam id ornare imperdiet, sapien urna pretium nisl, ut volutpat sapien arcu sed augue. Aliquam erat volutpat.\n\nIn congue. Etiam justo. Etiam pretium iaculis justo.\n\nIn hac habitasse platea dictumst. Etiam faucibus cursus urna. Ut tellus.','Corry','2023-06-07 17:10:32',0,0,0,'1111'),
(19,11,'Donec ut mauris eget massa tempor convallis.','Maecenas tristique, est et tempus semper, est quam pharetra magna, ac consequat metus sapien ut nunc. Vestibulum ante ipsum primis in faucibus orci luctus et ultrices posuere cubilia Curae; Mauris viverra diam vitae quam. Suspendisse potenti.','Ingrim','2023-06-07 17:10:32',0,0,0,'1111'),
(20,5,'Nulla tempus.','Phasellus in felis. Donec semper sapien a libero. Nam dui.','Rollin','2023-06-07 17:10:32',0,0,0,'1111'),
(21,9,'Pellentesque eget nunc.','Aenean lectus. Pellentesque eget nunc. Donec quis orci eget orci vehicula condimentum.\n\nCurabitur in libero ut massa volutpat convallis. Morbi odio odio, elementum eu, interdum eu, tincidunt in, leo. Maecenas pulvinar lobortis est.\n\nPhasellus sit amet erat. Nulla tempus. Vivamus in felis eu sapien cursus vestibulum.','Killian','2023-06-07 17:10:32',0,0,0,'1111'),
(22,11,'Sed ante.','Duis consequat dui nec nisi volutpat eleifend. Donec ut dolor. Morbi vel lectus in quam fringilla rhoncus.','Lavena','2023-06-07 17:10:32',0,0,0,'1111'),
(23,4,'Maecenas leo odio, condimentum id, luctus nec, molestie sed, justo.','Etiam vel augue. Vestibulum rutrum rutrum neque. Aenean auctor gravida sem.','Budd','2023-06-07 17:10:32',0,0,0,'1111'),
(24,7,'Morbi quis tortor id nulla ultrices aliquet.','Duis bibendum. Morbi non quam nec dui luctus rutrum. Nulla tellus.','Land','2023-06-07 17:10:32',0,0,0,'1111'),
(25,4,'Proin risus.','Vestibulum ac est lacinia nisi venenatis tristique. Fusce congue, diam id ornare imperdiet, sapien urna pretium nisl, ut volutpat sapien arcu sed augue. Aliquam erat volutpat.','Alma','2023-06-07 17:10:32',0,0,0,'1111'),
(26,6,'Etiam vel augue.','Vestibulum ac est lacinia nisi venenatis tristique. Fusce congue, diam id ornare imperdiet, sapien urna pretium nisl, ut volutpat sapien arcu sed augue. Aliquam erat volutpat.','Sisely','2023-06-07 17:10:32',0,0,0,'1111'),
(27,5,'Duis bibendum.','Etiam vel augue. Vestibulum rutrum rutrum neque. Aenean auctor gravida sem.\n\nPraesent id massa id nisl venenatis lacinia. Aenean sit amet justo. Morbi ut odio.\n\nCras mi pede, malesuada in, imperdiet et, commodo vulputate, justo. In blandit ultrices enim. Lorem ipsum dolor sit amet, consectetuer adipiscing elit.','Gibb','2023-06-07 17:10:32',0,0,0,'1111'),
(28,11,'Integer pede justo, lacinia eget, tincidunt eget, tempus vel, pede.','Nullam sit amet turpis elementum ligula vehicula consequat. Morbi a ipsum. Integer a nibh.\n\nIn quis justo. Maecenas rhoncus aliquam lacus. Morbi quis tortor id nulla ultrices aliquet.','Connie','2023-06-07 17:10:32',0,0,0,'1111'),
(29,4,'Cras non velit nec nisi vulputate nonummy.','In quis justo. Maecenas rhoncus aliquam lacus. Morbi quis tortor id nulla ultrices aliquet.\n\nMaecenas leo odio, condimentum id, luctus nec, molestie sed, justo. Pellentesque viverra pede ac diam. Cras pellentesque volutpat dui.','Corella','2023-06-07 17:10:32',0,0,0,'1111'),
(30,3,'Nulla tellus.','Maecenas leo odio, condimentum id, luctus nec, molestie sed, justo. Pellentesque viverra pede ac diam. Cras pellentesque volutpat dui.\n\nMaecenas tristique, est et tempus semper, est quam pharetra magna, ac consequat metus sapien ut nunc. Vestibulum ante ipsum primis in faucibus orci luctus et ultrices posuere cubilia Curae; Mauris viverra diam vitae quam. Suspendisse potenti.\n\nNullam porttitor lacus at turpis. Donec posuere metus vitae ipsum. Aliquam non mauris.','Bonnee','2023-06-07 17:10:32',0,0,0,'1111'),
(31,10,'Morbi a ipsum.','Praesent blandit. Nam nulla. Integer pede justo, lacinia eget, tincidunt eget, tempus vel, pede.\n\nMorbi porttitor lorem id ligula. Suspendisse ornare consequat lectus. In est risus, auctor sed, tristique in, tempus sit amet, sem.\n\nFusce consequat. Nulla nisl. Nunc nisl.','Marielle','2023-06-07 17:10:32',0,0,0,'1111'),
(32,10,'Duis consequat dui nec nisi volutpat eleifend.','Integer tincidunt ante vel ipsum. Praesent blandit lacinia erat. Vestibulum sed magna at nunc commodo placerat.\n\nPraesent blandit. Nam nulla. Integer pede justo, lacinia eget, tincidunt eget, tempus vel, pede.','Sheffy','2023-06-07 17:10:32',0,0,0,'1111'),
(33,10,'Morbi quis tortor id nulla ultrices aliquet.','Vestibulum quam sapien, varius ut, blandit non, interdum in, ante. Vestibulum ante ipsum primis in faucibus orci luctus et ultrices posuere cubilia Curae; Duis faucibus accumsan odio. Curabitur convallis.','Terrance','2023-06-07 17:10:32',0,0,0,'1111'),
(34,6,'Fusce lacus purus, aliquet at, feugiat non, pretium quis, lectus.','Quisque porta volutpat erat. Quisque erat eros, viverra eget, congue eget, semper rutrum, nulla. Nunc purus.','Estel','2023-06-07 17:10:32',0,0,0,'1111'),
(35,3,'Pellentesque viverra pede ac diam.','Cum sociis natoque penatibus et magnis dis parturient montes, nascetur ridiculus mus. Vivamus vestibulum sagittis sapien. Cum sociis natoque penatibus et magnis dis parturient montes, nascetur ridiculus mus.','Annelise','2023-06-07 17:10:32',0,0,0,'1111'),
(36,11,'Praesent blandit lacinia erat.','Duis consequat dui nec nisi volutpat eleifend. Donec ut dolor. Morbi vel lectus in quam fringilla rhoncus.\n\nMauris enim leo, rhoncus sed, vestibulum sit amet, cursus id, turpis. Integer aliquet, massa id lobortis convallis, tortor risus dapibus augue, vel accumsan tellus nisi eu orci. Mauris lacinia sapien quis libero.','Lilllie','2023-06-07 17:10:32',0,0,0,'1111'),
(37,9,'Duis at velit eu est congue elementum.','Quisque porta volutpat erat. Quisque erat eros, viverra eget, congue eget, semper rutrum, nulla. Nunc purus.\n\nPhasellus in felis. Donec semper sapien a libero. Nam dui.\n\nProin leo odio, porttitor id, consequat in, consequat ut, nulla. Sed accumsan felis. Ut at dolor quis odio consequat varius.','Sergio','2023-06-07 17:10:32',0,0,0,'1111'),
(38,10,'Integer a nibh.','Praesent blandit. Nam nulla. Integer pede justo, lacinia eget, tincidunt eget, tempus vel, pede.','Ealasaid','2023-06-07 17:10:32',0,0,0,'1111'),
(39,11,'Nulla suscipit ligula in lacus.','Maecenas tristique, est et tempus semper, est quam pharetra magna, ac consequat metus sapien ut nunc. Vestibulum ante ipsum primis in faucibus orci luctus et ultrices posuere cubilia Curae; Mauris viverra diam vitae quam. Suspendisse potenti.','Joline','2023-06-07 17:10:32',0,0,0,'1111'),
(40,4,'Suspendisse ornare consequat lectus.','In sagittis dui vel nisl. Duis ac nibh. Fusce lacus purus, aliquet at, feugiat non, pretium quis, lectus.\n\nSuspendisse potenti. In eleifend quam a odio. In hac habitasse platea dictumst.','Rooney','2023-06-07 17:10:32',0,0,0,'1111'),
(41,11,'Duis consequat dui nec nisi volutpat eleifend.','Sed ante. Vivamus tortor. Duis mattis egestas metus.\n\nAenean fermentum. Donec ut mauris eget massa tempor convallis. Nulla neque libero, convallis eget, eleifend luctus, ultricies eu, nibh.\n\nQuisque id justo sit amet sapien dignissim vestibulum. Vestibulum ante ipsum primis in faucibus orci luctus et ultrices posuere cubilia Curae; Nulla dapibus dolor vel est. Donec odio justo, sollicitudin ut, suscipit a, feugiat et, eros.','Free','2023-06-07 17:10:32',0,0,0,'1111'),
(42,9,'Morbi a ipsum.','Donec diam neque, vestibulum eget, vulputate ut, ultrices vel, augue. Vestibulum ante ipsum primis in faucibus orci luctus et ultrices posuere cubilia Curae; Donec pharetra, magna vestibulum aliquet ultrices, erat tortor sollicitudin mi, sit amet lobortis sapien sapien non mi. Integer ac neque.\n\nDuis bibendum. Morbi non quam nec dui luctus rutrum. Nulla tellus.','Valentina','2023-06-07 17:10:32',0,0,0,'1111'),
(43,8,'Vivamus tortor.','Aliquam quis turpis eget elit sodales scelerisque. Mauris sit amet eros. Suspendisse accumsan tortor quis turpis.\n\nSed ante. Vivamus tortor. Duis mattis egestas metus.','Beale','2023-06-07 17:10:32',0,0,0,'1111'),
(44,10,'Integer a nibh.','Morbi porttitor lorem id ligula. Suspendisse ornare consequat lectus. In est risus, auctor sed, tristique in, tempus sit amet, sem.\n\nFusce consequat. Nulla nisl. Nunc nisl.','Lemmy','2023-06-07 17:10:32',0,0,0,'1111'),
(45,7,'Donec dapibus.','Pellentesque at nulla. Suspendisse potenti. Cras in purus eu magna vulputate luctus.','Miof mela','2023-06-07 17:10:32',0,0,0,'1111'),
(46,7,'r','r','ㅇㅇ','2023-06-08 18:08:43',0,0,0,'1'),
(47,3,'1','2','ㅇㅇ','2023-06-08 18:10:03',0,0,0,'r'),
(48,3,'zz','tt','ㅇㅇ','2023-06-09 09:45:23',0,0,0,'1'),
(49,8,'rr','aa','ㅇㅇ','2023-06-09 09:48:30',0,0,0,'1'),
(50,4,'kk','4','ㅇㅇ','2023-06-09 10:04:54',0,0,0,'1'),
(51,12,'quisque arcu libero rutrum ac lobortis','Sed ante. Vivamus tortor. Duis mattis egestas metus.\n\nAenean fermentum. Donec ut mauris eget massa tempor convallis. Nulla neque libero, convallis eget, eleifend luctus, ultricies eu, nibh.\n\nQuisque id justo sit amet sapien dignissim vestibulum. Vestibulum ante ipsum primis in faucibus orci luctus et ultrices posuere cubilia Curae; Nulla dapibus dolor vel est. Donec odio justo, sollicitudin ut, suscipit a, feugiat et, eros.','astraffon0','2023-06-09 11:30:03',0,0,0,'1111'),
(52,12,'elementum eu interdum eu tincidunt','Curabitur in libero ut massa volutpat convallis. Morbi odio odio, elementum eu, interdum eu, tincidunt in, leo. Maecenas pulvinar lobortis est.\n\nPhasellus sit amet erat. Nulla tempus. Vivamus in felis eu sapien cursus vestibulum.\n\nProin eu mi. Nulla ac enim. In tempor, turpis nec euismod scelerisque, quam turpis adipiscing lorem, vitae mattis nibh ligula nec sem.','bdavenall1','2023-06-09 11:30:03',0,0,0,'1111'),
(53,12,'amet sem fusce consequat nulla nisl','Aliquam quis turpis eget elit sodales scelerisque. Mauris sit amet eros. Suspendisse accumsan tortor quis turpis.\n\nSed ante. Vivamus tortor. Duis mattis egestas metus.','rhenrichs2','2023-06-09 11:30:03',0,0,0,'1111'),
(54,12,'adipiscing elit proin risus praesent lectus','Cras non velit nec nisi vulputate nonummy. Maecenas tincidunt lacus at velit. Vivamus vel nulla eget eros elementum pellentesque.\n\nQuisque porta volutpat erat. Quisque erat eros, viverra eget, congue eget, semper rutrum, nulla. Nunc purus.\n\nPhasellus in felis. Donec semper sapien a libero. Nam dui.','hmathan3','2023-06-09 11:30:03',0,0,0,'1111'),
(55,12,'blandit mi in porttitor pede justo eu massa donec','Praesent id massa id nisl venenatis lacinia. Aenean sit amet justo. Morbi ut odio.','scloutt4','2023-06-09 11:30:03',0,0,0,'1111'),
(56,12,'etiam faucibus cursus urna ut tellus nulla ut','Aliquam quis turpis eget elit sodales scelerisque. Mauris sit amet eros. Suspendisse accumsan tortor quis turpis.','mthompson5','2023-06-09 11:30:03',0,0,0,'1111'),
(57,12,'mauris ullamcorper purus sit amet nulla quisque arcu','Aliquam quis turpis eget elit sodales scelerisque. Mauris sit amet eros. Suspendisse accumsan tortor quis turpis.\n\nSed ante. Vivamus tortor. Duis mattis egestas metus.\n\nAenean fermentum. Donec ut mauris eget massa tempor convallis. Nulla neque libero, convallis eget, eleifend luctus, ultricies eu, nibh.','asendall6','2023-06-09 11:30:03',0,0,0,'1111'),
(58,12,'ultrices phasellus id sapien in sapien iaculis congue','Mauris enim leo, rhoncus sed, vestibulum sit amet, cursus id, turpis. Integer aliquet, massa id lobortis convallis, tortor risus dapibus augue, vel accumsan tellus nisi eu orci. Mauris lacinia sapien quis libero.','tguitonneau7','2023-06-09 11:30:03',0,0,0,'1111'),
(59,12,'bibendum imperdiet nullam orci pede venenatis non sodales sed tincidunt','Proin leo odio, porttitor id, consequat in, consequat ut, nulla. Sed accumsan felis. Ut at dolor quis odio consequat varius.\n\nInteger ac leo. Pellentesque ultrices mattis odio. Donec vitae nisi.','estracey8','2023-06-09 11:30:03',0,0,0,'1111'),
(60,12,'ultricies eu nibh quisque id justo sit amet sapien dignissim','Donec diam neque, vestibulum eget, vulputate ut, ultrices vel, augue. Vestibulum ante ipsum primis in faucibus orci luctus et ultrices posuere cubilia Curae; Donec pharetra, magna vestibulum aliquet ultrices, erat tortor sollicitudin mi, sit amet lobortis sapien sapien non mi. Integer ac neque.\n\nDuis bibendum. Morbi non quam nec dui luctus rutrum. Nulla tellus.\n\nIn sagittis dui vel nisl. Duis ac nibh. Fusce lacus purus, aliquet at, feugiat non, pretium quis, lectus.','wwildman9','2023-06-09 11:30:03',0,0,0,'1111'),
(61,12,'velit donec diam neque vestibulum eget vulputate','Curabitur in libero ut massa volutpat convallis. Morbi odio odio, elementum eu, interdum eu, tincidunt in, leo. Maecenas pulvinar lobortis est.\n\nPhasellus sit amet erat. Nulla tempus. Vivamus in felis eu sapien cursus vestibulum.\n\nProin eu mi. Nulla ac enim. In tempor, turpis nec euismod scelerisque, quam turpis adipiscing lorem, vitae mattis nibh ligula nec sem.','hgeorgeota','2023-06-09 11:30:03',0,0,0,'1111'),
(62,12,'eleifend donec ut dolor morbi vel lectus','Maecenas ut massa quis augue luctus tincidunt. Nulla mollis molestie lorem. Quisque ut erat.\n\nCurabitur gravida nisi at nibh. In hac habitasse platea dictumst. Aliquam augue quam, sollicitudin vitae, consectetuer eget, rutrum at, lorem.\n\nInteger tincidunt ante vel ipsum. Praesent blandit lacinia erat. Vestibulum sed magna at nunc commodo placerat.','ewingerb','2023-06-09 11:30:03',0,0,0,'1111'),
(63,12,'quam a odio in hac habitasse platea dictumst maecenas','Nullam porttitor lacus at turpis. Donec posuere metus vitae ipsum. Aliquam non mauris.\n\nMorbi non lectus. Aliquam sit amet diam in magna bibendum imperdiet. Nullam orci pede, venenatis non, sodales sed, tincidunt eu, felis.\n\nFusce posuere felis sed lacus. Morbi sem mauris, laoreet ut, rhoncus aliquet, pulvinar sed, nisl. Nunc rhoncus dui vel sem.','pjennerc','2023-06-09 11:30:03',0,0,0,'1111'),
(64,12,'velit eu est congue elementum in hac habitasse','Nullam sit amet turpis elementum ligula vehicula consequat. Morbi a ipsum. Integer a nibh.','kvandecasteled','2023-06-09 11:30:03',0,0,0,'1111'),
(65,12,'tincidunt nulla mollis molestie lorem quisque ut erat curabitur gravida','In hac habitasse platea dictumst. Morbi vestibulum, velit id pretium iaculis, diam erat fermentum justo, nec condimentum neque sapien placerat ante. Nulla justo.\n\nAliquam quis turpis eget elit sodales scelerisque. Mauris sit amet eros. Suspendisse accumsan tortor quis turpis.\n\nSed ante. Vivamus tortor. Duis mattis egestas metus.','ovaleroe','2023-06-09 11:30:03',0,0,0,'1111'),
(66,12,'nulla facilisi cras non velit','Phasellus in felis. Donec semper sapien a libero. Nam dui.','ccaushf','2023-06-09 11:30:03',0,0,0,'1111'),
(67,12,'in felis donec semper sapien a libero nam','Aenean lectus. Pellentesque eget nunc. Donec quis orci eget orci vehicula condimentum.\n\nCurabitur in libero ut massa volutpat convallis. Morbi odio odio, elementum eu, interdum eu, tincidunt in, leo. Maecenas pulvinar lobortis est.','fnewvillg','2023-06-09 11:30:03',0,0,0,'1111'),
(68,12,'ligula sit amet eleifend pede libero','Quisque porta volutpat erat. Quisque erat eros, viverra eget, congue eget, semper rutrum, nulla. Nunc purus.\n\nPhasellus in felis. Donec semper sapien a libero. Nam dui.\n\nProin leo odio, porttitor id, consequat in, consequat ut, nulla. Sed accumsan felis. Ut at dolor quis odio consequat varius.','mfarmarh','2023-06-09 11:30:03',0,0,0,'1111'),
(69,12,'metus sapien ut nunc vestibulum ante ipsum primis','Vestibulum quam sapien, varius ut, blandit non, interdum in, ante. Vestibulum ante ipsum primis in faucibus orci luctus et ultrices posuere cubilia Curae; Duis faucibus accumsan odio. Curabitur convallis.','ldjokici','2023-06-09 11:30:03',0,0,0,'1111'),
(70,12,'curabitur at ipsum ac tellus semper','Quisque id justo sit amet sapien dignissim vestibulum. Vestibulum ante ipsum primis in faucibus orci luctus et ultrices posuere cubilia Curae; Nulla dapibus dolor vel est. Donec odio justo, sollicitudin ut, suscipit a, feugiat et, eros.\n\nVestibulum ac est lacinia nisi venenatis tristique. Fusce congue, diam id ornare imperdiet, sapien urna pretium nisl, ut volutpat sapien arcu sed augue. Aliquam erat volutpat.','gflucksj','2023-06-09 11:30:03',0,0,0,'1111'),
(71,12,'erat curabitur gravida nisi at nibh in','Vestibulum quam sapien, varius ut, blandit non, interdum in, ante. Vestibulum ante ipsum primis in faucibus orci luctus et ultrices posuere cubilia Curae; Duis faucibus accumsan odio. Curabitur convallis.\n\nDuis consequat dui nec nisi volutpat eleifend. Donec ut dolor. Morbi vel lectus in quam fringilla rhoncus.','dprugelk','2023-06-09 11:30:03',0,0,0,'1111'),
(72,12,'diam erat fermentum justo nec condimentum neque','In sagittis dui vel nisl. Duis ac nibh. Fusce lacus purus, aliquet at, feugiat non, pretium quis, lectus.\n\nSuspendisse potenti. In eleifend quam a odio. In hac habitasse platea dictumst.\n\nMaecenas ut massa quis augue luctus tincidunt. Nulla mollis molestie lorem. Quisque ut erat.','aparrotl','2023-06-09 11:30:03',0,0,0,'1111'),
(73,12,'vestibulum ante ipsum primis in faucibus orci','Proin leo odio, porttitor id, consequat in, consequat ut, nulla. Sed accumsan felis. Ut at dolor quis odio consequat varius.\n\nInteger ac leo. Pellentesque ultrices mattis odio. Donec vitae nisi.\n\nNam ultrices, libero non mattis pulvinar, nulla pede ullamcorper augue, a suscipit nulla elit ac nulla. Sed vel enim sit amet nunc viverra dapibus. Nulla suscipit ligula in lacus.','prochfordm','2023-06-09 11:30:03',0,0,0,'1111'),
(74,12,'vestibulum vestibulum ante ipsum primis in faucibus orci luctus et','Phasellus in felis. Donec semper sapien a libero. Nam dui.','jdelahayen','2023-06-09 11:30:03',0,0,0,'1111'),
(75,12,'dictumst morbi vestibulum velit id pretium iaculis diam','Phasellus sit amet erat. Nulla tempus. Vivamus in felis eu sapien cursus vestibulum.','cbenneto','2023-06-09 11:30:03',0,0,0,'1111'),
(76,12,'lectus in quam fringilla rhoncus mauris enim leo rhoncus','Nulla ut erat id mauris vulputate elementum. Nullam varius. Nulla facilisi.\n\nCras non velit nec nisi vulputate nonummy. Maecenas tincidunt lacus at velit. Vivamus vel nulla eget eros elementum pellentesque.\n\nQuisque porta volutpat erat. Quisque erat eros, viverra eget, congue eget, semper rutrum, nulla. Nunc purus.','agiannassip','2023-06-09 11:30:03',0,0,0,'1111'),
(77,12,'nunc commodo placerat praesent blandit nam nulla integer','Fusce posuere felis sed lacus. Morbi sem mauris, laoreet ut, rhoncus aliquet, pulvinar sed, nisl. Nunc rhoncus dui vel sem.','thummq','2023-06-09 11:30:03',0,0,0,'1111'),
(78,12,'amet eros suspendisse accumsan tortor quis turpis sed','Fusce posuere felis sed lacus. Morbi sem mauris, laoreet ut, rhoncus aliquet, pulvinar sed, nisl. Nunc rhoncus dui vel sem.','ndilgarnor','2023-06-09 11:30:03',0,0,0,'1111'),
(79,12,'praesent blandit lacinia erat vestibulum','Duis consequat dui nec nisi volutpat eleifend. Donec ut dolor. Morbi vel lectus in quam fringilla rhoncus.\n\nMauris enim leo, rhoncus sed, vestibulum sit amet, cursus id, turpis. Integer aliquet, massa id lobortis convallis, tortor risus dapibus augue, vel accumsan tellus nisi eu orci. Mauris lacinia sapien quis libero.\n\nNullam sit amet turpis elementum ligula vehicula consequat. Morbi a ipsum. Integer a nibh.','bmcnairs','2023-06-09 11:30:03',0,0,0,'1111'),
(80,12,'morbi ut odio cras mi pede malesuada','Curabitur in libero ut massa volutpat convallis. Morbi odio odio, elementum eu, interdum eu, tincidunt in, leo. Maecenas pulvinar lobortis est.\n\nPhasellus sit amet erat. Nulla tempus. Vivamus in felis eu sapien cursus vestibulum.\n\nProin eu mi. Nulla ac enim. In tempor, turpis nec euismod scelerisque, quam turpis adipiscing lorem, vitae mattis nibh ligula nec sem.','mclaphamt','2023-06-09 11:30:03',0,0,0,'1111'),
(81,12,'ut volutpat sapien arcu sed augue','Nulla ut erat id mauris vulputate elementum. Nullam varius. Nulla facilisi.\n\nCras non velit nec nisi vulputate nonummy. Maecenas tincidunt lacus at velit. Vivamus vel nulla eget eros elementum pellentesque.\n\nQuisque porta volutpat erat. Quisque erat eros, viverra eget, congue eget, semper rutrum, nulla. Nunc purus.','rwilberu','2023-06-09 11:30:03',0,0,0,'1111'),
(82,12,'lectus pellentesque eget nunc donec','Duis aliquam convallis nunc. Proin at turpis a pede posuere nonummy. Integer non velit.','tcondiev','2023-06-09 11:30:03',0,0,0,'1111'),
(83,12,'in faucibus orci luctus et ultrices posuere','Quisque porta volutpat erat. Quisque erat eros, viverra eget, congue eget, semper rutrum, nulla. Nunc purus.\n\nPhasellus in felis. Donec semper sapien a libero. Nam dui.\n\nProin leo odio, porttitor id, consequat in, consequat ut, nulla. Sed accumsan felis. Ut at dolor quis odio consequat varius.','bdowdellw','2023-06-09 11:30:03',0,0,0,'1111'),
(84,12,'ut mauris eget massa tempor convallis nulla neque','In congue. Etiam justo. Etiam pretium iaculis justo.\n\nIn hac habitasse platea dictumst. Etiam faucibus cursus urna. Ut tellus.','alidgatex','2023-06-09 11:30:03',0,0,0,'1111'),
(85,12,'volutpat convallis morbi odio odio','Nam ultrices, libero non mattis pulvinar, nulla pede ullamcorper augue, a suscipit nulla elit ac nulla. Sed vel enim sit amet nunc viverra dapibus. Nulla suscipit ligula in lacus.\n\nCurabitur at ipsum ac tellus semper interdum. Mauris ullamcorper purus sit amet nulla. Quisque arcu libero, rutrum ac, lobortis vel, dapibus at, diam.','hkightlyy','2023-06-09 11:30:03',0,0,0,'1111'),
(86,12,'dapibus nulla suscipit ligula in lacus curabitur','Vestibulum ac est lacinia nisi venenatis tristique. Fusce congue, diam id ornare imperdiet, sapien urna pretium nisl, ut volutpat sapien arcu sed augue. Aliquam erat volutpat.\n\nIn congue. Etiam justo. Etiam pretium iaculis justo.','jwestoffz','2023-06-09 11:30:03',0,0,0,'1111'),
(87,12,'morbi non quam nec dui luctus rutrum nulla tellus in','Cras non velit nec nisi vulputate nonummy. Maecenas tincidunt lacus at velit. Vivamus vel nulla eget eros elementum pellentesque.\n\nQuisque porta volutpat erat. Quisque erat eros, viverra eget, congue eget, semper rutrum, nulla. Nunc purus.\n\nPhasellus in felis. Donec semper sapien a libero. Nam dui.','amanders10','2023-06-09 11:30:03',0,0,0,'1111'),
(88,12,'morbi quis tortor id nulla ultrices aliquet','Donec diam neque, vestibulum eget, vulputate ut, ultrices vel, augue. Vestibulum ante ipsum primis in faucibus orci luctus et ultrices posuere cubilia Curae; Donec pharetra, magna vestibulum aliquet ultrices, erat tortor sollicitudin mi, sit amet lobortis sapien sapien non mi. Integer ac neque.\n\nDuis bibendum. Morbi non quam nec dui luctus rutrum. Nulla tellus.\n\nIn sagittis dui vel nisl. Duis ac nibh. Fusce lacus purus, aliquet at, feugiat non, pretium quis, lectus.','wbreens11','2023-06-09 11:30:03',0,0,0,'1111'),
(89,12,'tincidunt eget tempus vel pede morbi','Praesent id massa id nisl venenatis lacinia. Aenean sit amet justo. Morbi ut odio.','aquillinane12','2023-06-09 11:30:03',0,0,0,'1111'),
(90,12,'eros vestibulum ac est lacinia nisi venenatis','Phasellus sit amet erat. Nulla tempus. Vivamus in felis eu sapien cursus vestibulum.\n\nProin eu mi. Nulla ac enim. In tempor, turpis nec euismod scelerisque, quam turpis adipiscing lorem, vitae mattis nibh ligula nec sem.\n\nDuis aliquam convallis nunc. Proin at turpis a pede posuere nonummy. Integer non velit.','mpegler13','2023-06-09 11:30:03',0,0,0,'1111'),
(91,12,'in felis eu sapien cursus vestibulum proin eu','Nam ultrices, libero non mattis pulvinar, nulla pede ullamcorper augue, a suscipit nulla elit ac nulla. Sed vel enim sit amet nunc viverra dapibus. Nulla suscipit ligula in lacus.\n\nCurabitur at ipsum ac tellus semper interdum. Mauris ullamcorper purus sit amet nulla. Quisque arcu libero, rutrum ac, lobortis vel, dapibus at, diam.','ggerty14','2023-06-09 11:30:03',0,0,0,'1111'),
(92,12,'consequat lectus in est risus auctor sed tristique in','Aliquam quis turpis eget elit sodales scelerisque. Mauris sit amet eros. Suspendisse accumsan tortor quis turpis.\n\nSed ante. Vivamus tortor. Duis mattis egestas metus.\n\nAenean fermentum. Donec ut mauris eget massa tempor convallis. Nulla neque libero, convallis eget, eleifend luctus, ultricies eu, nibh.','ktennet15','2023-06-09 11:30:03',0,0,0,'1111'),
(93,12,'et ultrices posuere cubilia curae duis faucibus accumsan odio','Fusce posuere felis sed lacus. Morbi sem mauris, laoreet ut, rhoncus aliquet, pulvinar sed, nisl. Nunc rhoncus dui vel sem.','mgosart16','2023-06-09 11:30:03',0,0,0,'1111'),
(94,12,'nisi venenatis tristique fusce congue diam id','Curabitur gravida nisi at nibh. In hac habitasse platea dictumst. Aliquam augue quam, sollicitudin vitae, consectetuer eget, rutrum at, lorem.\n\nInteger tincidunt ante vel ipsum. Praesent blandit lacinia erat. Vestibulum sed magna at nunc commodo placerat.','kdenham17','2023-06-09 11:30:03',0,0,0,'1111'),
(95,12,'feugiat non pretium quis lectus','Duis bibendum. Morbi non quam nec dui luctus rutrum. Nulla tellus.','dcroker18','2023-06-09 11:30:03',0,0,0,'1111'),
(96,12,'sapien iaculis congue vivamus metus arcu adipiscing','Curabitur gravida nisi at nibh. In hac habitasse platea dictumst. Aliquam augue quam, sollicitudin vitae, consectetuer eget, rutrum at, lorem.\n\nInteger tincidunt ante vel ipsum. Praesent blandit lacinia erat. Vestibulum sed magna at nunc commodo placerat.','blindbergh19','2023-06-09 11:30:03',0,0,0,'1111'),
(97,12,'in ante vestibulum ante ipsum','Proin leo odio, porttitor id, consequat in, consequat ut, nulla. Sed accumsan felis. Ut at dolor quis odio consequat varius.\n\nInteger ac leo. Pellentesque ultrices mattis odio. Donec vitae nisi.\n\nNam ultrices, libero non mattis pulvinar, nulla pede ullamcorper augue, a suscipit nulla elit ac nulla. Sed vel enim sit amet nunc viverra dapibus. Nulla suscipit ligula in lacus.','adegrey1a','2023-06-09 11:30:03',0,0,0,'1111'),
(98,12,'amet justo morbi ut odio cras mi pede','Proin interdum mauris non ligula pellentesque ultrices. Phasellus id sapien in sapien iaculis congue. Vivamus metus arcu, adipiscing molestie, hendrerit at, vulputate vitae, nisl.\n\nAenean lectus. Pellentesque eget nunc. Donec quis orci eget orci vehicula condimentum.\n\nCurabitur in libero ut massa volutpat convallis. Morbi odio odio, elementum eu, interdum eu, tincidunt in, leo. Maecenas pulvinar lobortis est.','epadberry1b','2023-06-09 11:30:03',0,0,0,'1111'),
(99,12,'amet turpis elementum ligula vehicula consequat morbi a ipsum','Cras non velit nec nisi vulputate nonummy. Maecenas tincidunt lacus at velit. Vivamus vel nulla eget eros elementum pellentesque.\n\nQuisque porta volutpat erat. Quisque erat eros, viverra eget, congue eget, semper rutrum, nulla. Nunc purus.\n\nPhasellus in felis. Donec semper sapien a libero. Nam dui.','fmcmurty1c','2023-06-09 11:30:03',0,0,0,'1111'),
(100,12,'purus eu magna vulputate luctus cum','Nullam sit amet turpis elementum ligula vehicula consequat. Morbi a ipsum. Integer a nibh.','kdanit1d','2023-06-09 11:30:03',0,0,0,'1111'),
(101,12,'ut massa volutpat convallis morbi odio odio elementum eu interdum','Nam ultrices, libero non mattis pulvinar, nulla pede ullamcorper augue, a suscipit nulla elit ac nulla. Sed vel enim sit amet nunc viverra dapibus. Nulla suscipit ligula in lacus.','lfilipov1e','2023-06-09 11:30:03',0,0,0,'1111'),
(102,12,'sapien a libero nam dui proin leo odio','Nulla ut erat id mauris vulputate elementum. Nullam varius. Nulla facilisi.','ihaukey1f','2023-06-09 11:30:03',0,0,0,'1111'),
(103,12,'nibh in quis justo maecenas rhoncus aliquam lacus','Cras mi pede, malesuada in, imperdiet et, commodo vulputate, justo. In blandit ultrices enim. Lorem ipsum dolor sit amet, consectetuer adipiscing elit.\n\nProin interdum mauris non ligula pellentesque ultrices. Phasellus id sapien in sapien iaculis congue. Vivamus metus arcu, adipiscing molestie, hendrerit at, vulputate vitae, nisl.','gservice1g','2023-06-09 11:30:03',0,0,0,'1111'),
(104,12,'dictumst morbi vestibulum velit id pretium iaculis diam erat','In sagittis dui vel nisl. Duis ac nibh. Fusce lacus purus, aliquet at, feugiat non, pretium quis, lectus.\n\nSuspendisse potenti. In eleifend quam a odio. In hac habitasse platea dictumst.','drecke1h','2023-06-09 11:30:03',0,0,0,'1111'),
(105,12,'neque libero convallis eget eleifend luctus ultricies eu nibh','Duis bibendum, felis sed interdum venenatis, turpis enim blandit mi, in porttitor pede justo eu massa. Donec dapibus. Duis at velit eu est congue elementum.\n\nIn hac habitasse platea dictumst. Morbi vestibulum, velit id pretium iaculis, diam erat fermentum justo, nec condimentum neque sapien placerat ante. Nulla justo.','hwhelpton1i','2023-06-09 11:30:03',0,0,0,'1111'),
(106,12,'nascetur ridiculus mus etiam vel augue vestibulum rutrum rutrum neque','Maecenas leo odio, condimentum id, luctus nec, molestie sed, justo. Pellentesque viverra pede ac diam. Cras pellentesque volutpat dui.\n\nMaecenas tristique, est et tempus semper, est quam pharetra magna, ac consequat metus sapien ut nunc. Vestibulum ante ipsum primis in faucibus orci luctus et ultrices posuere cubilia Curae; Mauris viverra diam vitae quam. Suspendisse potenti.\n\nNullam porttitor lacus at turpis. Donec posuere metus vitae ipsum. Aliquam non mauris.','lblazeby1j','2023-06-09 11:30:03',0,0,0,'1111'),
(107,12,'in blandit ultrices enim lorem ipsum dolor sit amet consectetuer','Donec diam neque, vestibulum eget, vulputate ut, ultrices vel, augue. Vestibulum ante ipsum primis in faucibus orci luctus et ultrices posuere cubilia Curae; Donec pharetra, magna vestibulum aliquet ultrices, erat tortor sollicitudin mi, sit amet lobortis sapien sapien non mi. Integer ac neque.\n\nDuis bibendum. Morbi non quam nec dui luctus rutrum. Nulla tellus.','drennix1k','2023-06-09 11:30:03',0,0,0,'1111'),
(108,12,'lobortis sapien sapien non mi integer ac neque','Integer tincidunt ante vel ipsum. Praesent blandit lacinia erat. Vestibulum sed magna at nunc commodo placerat.','balday1l','2023-06-09 11:30:03',0,0,0,'1111'),
(109,12,'pretium iaculis diam erat fermentum justo nec condimentum neque','Praesent id massa id nisl venenatis lacinia. Aenean sit amet justo. Morbi ut odio.\n\nCras mi pede, malesuada in, imperdiet et, commodo vulputate, justo. In blandit ultrices enim. Lorem ipsum dolor sit amet, consectetuer adipiscing elit.\n\nProin interdum mauris non ligula pellentesque ultrices. Phasellus id sapien in sapien iaculis congue. Vivamus metus arcu, adipiscing molestie, hendrerit at, vulputate vitae, nisl.','dbrideoke1m','2023-06-09 11:30:03',0,0,0,'1111'),
(110,12,'ligula suspendisse ornare consequat lectus in est','Maecenas ut massa quis augue luctus tincidunt. Nulla mollis molestie lorem. Quisque ut erat.\n\nCurabitur gravida nisi at nibh. In hac habitasse platea dictumst. Aliquam augue quam, sollicitudin vitae, consectetuer eget, rutrum at, lorem.','hshearme1n','2023-06-09 11:30:03',0,0,0,'1111'),
(111,12,'integer ac leo pellentesque ultrices mattis odio donec','Duis aliquam convallis nunc. Proin at turpis a pede posuere nonummy. Integer non velit.\n\nDonec diam neque, vestibulum eget, vulputate ut, ultrices vel, augue. Vestibulum ante ipsum primis in faucibus orci luctus et ultrices posuere cubilia Curae; Donec pharetra, magna vestibulum aliquet ultrices, erat tortor sollicitudin mi, sit amet lobortis sapien sapien non mi. Integer ac neque.\n\nDuis bibendum. Morbi non quam nec dui luctus rutrum. Nulla tellus.','nhodcroft1o','2023-06-09 11:30:03',0,0,0,'1111'),
(112,12,'vivamus tortor duis mattis egestas metus aenean fermentum donec ut','Phasellus in felis. Donec semper sapien a libero. Nam dui.\n\nProin leo odio, porttitor id, consequat in, consequat ut, nulla. Sed accumsan felis. Ut at dolor quis odio consequat varius.\n\nInteger ac leo. Pellentesque ultrices mattis odio. Donec vitae nisi.','mtalton1p','2023-06-09 11:30:03',0,0,0,'1111'),
(113,12,'id lobortis convallis tortor risus dapibus','Lorem ipsum dolor sit amet, consectetuer adipiscing elit. Proin risus. Praesent lectus.\n\nVestibulum quam sapien, varius ut, blandit non, interdum in, ante. Vestibulum ante ipsum primis in faucibus orci luctus et ultrices posuere cubilia Curae; Duis faucibus accumsan odio. Curabitur convallis.\n\nDuis consequat dui nec nisi volutpat eleifend. Donec ut dolor. Morbi vel lectus in quam fringilla rhoncus.','dweekley1q','2023-06-09 11:30:03',0,0,0,'1111'),
(114,12,'ut mauris eget massa tempor convallis nulla','Quisque id justo sit amet sapien dignissim vestibulum. Vestibulum ante ipsum primis in faucibus orci luctus et ultrices posuere cubilia Curae; Nulla dapibus dolor vel est. Donec odio justo, sollicitudin ut, suscipit a, feugiat et, eros.\n\nVestibulum ac est lacinia nisi venenatis tristique. Fusce congue, diam id ornare imperdiet, sapien urna pretium nisl, ut volutpat sapien arcu sed augue. Aliquam erat volutpat.\n\nIn congue. Etiam justo. Etiam pretium iaculis justo.','scowherd1r','2023-06-09 11:30:03',0,0,0,'1111'),
(115,12,'justo lacinia eget tincidunt eget tempus vel','Proin leo odio, porttitor id, consequat in, consequat ut, nulla. Sed accumsan felis. Ut at dolor quis odio consequat varius.','jpealing1s','2023-06-09 11:30:03',0,0,0,'1111'),
(116,12,'morbi non quam nec dui luctus rutrum nulla','Vestibulum ac est lacinia nisi venenatis tristique. Fusce congue, diam id ornare imperdiet, sapien urna pretium nisl, ut volutpat sapien arcu sed augue. Aliquam erat volutpat.\n\nIn congue. Etiam justo. Etiam pretium iaculis justo.\n\nIn hac habitasse platea dictumst. Etiam faucibus cursus urna. Ut tellus.','cbengtsen1t','2023-06-09 11:30:03',0,0,0,'1111'),
(117,12,'tincidunt lacus at velit vivamus vel nulla','Quisque id justo sit amet sapien dignissim vestibulum. Vestibulum ante ipsum primis in faucibus orci luctus et ultrices posuere cubilia Curae; Nulla dapibus dolor vel est. Donec odio justo, sollicitudin ut, suscipit a, feugiat et, eros.\n\nVestibulum ac est lacinia nisi venenatis tristique. Fusce congue, diam id ornare imperdiet, sapien urna pretium nisl, ut volutpat sapien arcu sed augue. Aliquam erat volutpat.','ssmiths1u','2023-06-09 11:30:03',0,0,0,'1111'),
(118,12,'tincidunt lacus at velit vivamus vel nulla','Integer tincidunt ante vel ipsum. Praesent blandit lacinia erat. Vestibulum sed magna at nunc commodo placerat.','melloit1v','2023-06-09 11:30:03',0,0,0,'1111'),
(119,12,'lobortis est phasellus sit amet','Nulla ut erat id mauris vulputate elementum. Nullam varius. Nulla facilisi.','lmcgonnell1w','2023-06-09 11:30:03',0,0,0,'1111'),
(120,12,'erat tortor sollicitudin mi sit amet lobortis sapien','Duis consequat dui nec nisi volutpat eleifend. Donec ut dolor. Morbi vel lectus in quam fringilla rhoncus.','rbenge1x','2023-06-09 11:30:03',0,0,0,'1111'),
(121,12,'ultrices posuere cubilia curae donec pharetra','Integer ac leo. Pellentesque ultrices mattis odio. Donec vitae nisi.','aborton1y','2023-06-09 11:30:03',0,0,0,'1111'),
(122,12,'in quis justo maecenas rhoncus','Proin interdum mauris non ligula pellentesque ultrices. Phasellus id sapien in sapien iaculis congue. Vivamus metus arcu, adipiscing molestie, hendrerit at, vulputate vitae, nisl.\n\nAenean lectus. Pellentesque eget nunc. Donec quis orci eget orci vehicula condimentum.','abehling1z','2023-06-09 11:30:03',0,0,0,'1111'),
(123,12,'mollis molestie lorem quisque ut erat curabitur','Maecenas leo odio, condimentum id, luctus nec, molestie sed, justo. Pellentesque viverra pede ac diam. Cras pellentesque volutpat dui.\n\nMaecenas tristique, est et tempus semper, est quam pharetra magna, ac consequat metus sapien ut nunc. Vestibulum ante ipsum primis in faucibus orci luctus et ultrices posuere cubilia Curae; Mauris viverra diam vitae quam. Suspendisse potenti.\n\nNullam porttitor lacus at turpis. Donec posuere metus vitae ipsum. Aliquam non mauris.','sboosey20','2023-06-09 11:30:03',0,0,0,'1111'),
(124,12,'fusce posuere felis sed lacus morbi sem mauris laoreet','Proin interdum mauris non ligula pellentesque ultrices. Phasellus id sapien in sapien iaculis congue. Vivamus metus arcu, adipiscing molestie, hendrerit at, vulputate vitae, nisl.\n\nAenean lectus. Pellentesque eget nunc. Donec quis orci eget orci vehicula condimentum.\n\nCurabitur in libero ut massa volutpat convallis. Morbi odio odio, elementum eu, interdum eu, tincidunt in, leo. Maecenas pulvinar lobortis est.','cmontel21','2023-06-09 11:30:03',0,0,0,'1111'),
(125,12,'primis in faucibus orci luctus et','Nulla ut erat id mauris vulputate elementum. Nullam varius. Nulla facilisi.','gjemmett22','2023-06-09 11:30:03',0,0,0,'1111'),
(126,12,'nec molestie sed justo pellentesque viverra pede ac','Maecenas leo odio, condimentum id, luctus nec, molestie sed, justo. Pellentesque viverra pede ac diam. Cras pellentesque volutpat dui.','csimko23','2023-06-09 11:30:03',0,0,0,'1111'),
(127,12,'dui maecenas tristique est et tempus semper est','Curabitur at ipsum ac tellus semper interdum. Mauris ullamcorper purus sit amet nulla. Quisque arcu libero, rutrum ac, lobortis vel, dapibus at, diam.','pbosenworth24','2023-06-09 11:30:03',0,0,0,'1111'),
(128,12,'viverra diam vitae quam suspendisse','Lorem ipsum dolor sit amet, consectetuer adipiscing elit. Proin risus. Praesent lectus.\n\nVestibulum quam sapien, varius ut, blandit non, interdum in, ante. Vestibulum ante ipsum primis in faucibus orci luctus et ultrices posuere cubilia Curae; Duis faucibus accumsan odio. Curabitur convallis.','lsweetmore25','2023-06-09 11:30:03',0,0,0,'1111'),
(129,12,'donec pharetra magna vestibulum aliquet ultrices erat tortor','Quisque id justo sit amet sapien dignissim vestibulum. Vestibulum ante ipsum primis in faucibus orci luctus et ultrices posuere cubilia Curae; Nulla dapibus dolor vel est. Donec odio justo, sollicitudin ut, suscipit a, feugiat et, eros.\n\nVestibulum ac est lacinia nisi venenatis tristique. Fusce congue, diam id ornare imperdiet, sapien urna pretium nisl, ut volutpat sapien arcu sed augue. Aliquam erat volutpat.\n\nIn congue. Etiam justo. Etiam pretium iaculis justo.','klaskey26','2023-06-09 11:30:03',0,0,0,'1111'),
(130,12,'montes nascetur ridiculus mus etiam vel augue','In hac habitasse platea dictumst. Etiam faucibus cursus urna. Ut tellus.\n\nNulla ut erat id mauris vulputate elementum. Nullam varius. Nulla facilisi.\n\nCras non velit nec nisi vulputate nonummy. Maecenas tincidunt lacus at velit. Vivamus vel nulla eget eros elementum pellentesque.','acumbers27','2023-06-09 11:30:03',0,0,0,'1111'),
(131,12,'curabitur in libero ut massa volutpat convallis morbi odio odio','Etiam vel augue. Vestibulum rutrum rutrum neque. Aenean auctor gravida sem.\n\nPraesent id massa id nisl venenatis lacinia. Aenean sit amet justo. Morbi ut odio.\n\nCras mi pede, malesuada in, imperdiet et, commodo vulputate, justo. In blandit ultrices enim. Lorem ipsum dolor sit amet, consectetuer adipiscing elit.','amcgraffin28','2023-06-09 11:30:03',0,0,0,'1111'),
(132,12,'sed ante vivamus tortor duis mattis egestas metus aenean','Praesent blandit. Nam nulla. Integer pede justo, lacinia eget, tincidunt eget, tempus vel, pede.','cburdekin29','2023-06-09 11:30:03',0,0,0,'1111'),
(133,12,'eros elementum pellentesque quisque porta volutpat','Aenean fermentum. Donec ut mauris eget massa tempor convallis. Nulla neque libero, convallis eget, eleifend luctus, ultricies eu, nibh.\n\nQuisque id justo sit amet sapien dignissim vestibulum. Vestibulum ante ipsum primis in faucibus orci luctus et ultrices posuere cubilia Curae; Nulla dapibus dolor vel est. Donec odio justo, sollicitudin ut, suscipit a, feugiat et, eros.','ltaylorson2a','2023-06-09 11:30:03',0,0,0,'1111'),
(134,12,'sapien non mi integer ac neque duis','Etiam vel augue. Vestibulum rutrum rutrum neque. Aenean auctor gravida sem.\n\nPraesent id massa id nisl venenatis lacinia. Aenean sit amet justo. Morbi ut odio.\n\nCras mi pede, malesuada in, imperdiet et, commodo vulputate, justo. In blandit ultrices enim. Lorem ipsum dolor sit amet, consectetuer adipiscing elit.','kgauson2b','2023-06-09 11:30:03',0,0,0,'1111'),
(135,12,'nunc proin at turpis a','Duis bibendum, felis sed interdum venenatis, turpis enim blandit mi, in porttitor pede justo eu massa. Donec dapibus. Duis at velit eu est congue elementum.','bjaukovic2c','2023-06-09 11:30:03',0,0,0,'1111'),
(136,12,'justo lacinia eget tincidunt eget','Sed sagittis. Nam congue, risus semper porta volutpat, quam pede lobortis ligula, sit amet eleifend pede libero quis orci. Nullam molestie nibh in lectus.\n\nPellentesque at nulla. Suspendisse potenti. Cras in purus eu magna vulputate luctus.','psleightholm2d','2023-06-09 11:30:03',0,0,0,'1111'),
(137,12,'suscipit a feugiat et eros vestibulum ac est lacinia nisi','Aliquam quis turpis eget elit sodales scelerisque. Mauris sit amet eros. Suspendisse accumsan tortor quis turpis.\n\nSed ante. Vivamus tortor. Duis mattis egestas metus.\n\nAenean fermentum. Donec ut mauris eget massa tempor convallis. Nulla neque libero, convallis eget, eleifend luctus, ultricies eu, nibh.','fnorthover2e','2023-06-09 11:30:03',0,0,0,'1111'),
(138,12,'justo sit amet sapien dignissim','Integer tincidunt ante vel ipsum. Praesent blandit lacinia erat. Vestibulum sed magna at nunc commodo placerat.','eblasl2f','2023-06-09 11:30:03',0,0,0,'1111'),
(139,12,'hac habitasse platea dictumst etiam faucibus cursus urna ut','Sed ante. Vivamus tortor. Duis mattis egestas metus.\n\nAenean fermentum. Donec ut mauris eget massa tempor convallis. Nulla neque libero, convallis eget, eleifend luctus, ultricies eu, nibh.','tjohananov2g','2023-06-09 11:30:03',0,0,0,'1111'),
(140,12,'erat id mauris vulputate elementum','Nulla ut erat id mauris vulputate elementum. Nullam varius. Nulla facilisi.\n\nCras non velit nec nisi vulputate nonummy. Maecenas tincidunt lacus at velit. Vivamus vel nulla eget eros elementum pellentesque.\n\nQuisque porta volutpat erat. Quisque erat eros, viverra eget, congue eget, semper rutrum, nulla. Nunc purus.','lcoundley2h','2023-06-09 11:30:03',0,0,0,'1111'),
(141,12,'ultrices erat tortor sollicitudin mi sit amet lobortis sapien','Duis aliquam convallis nunc. Proin at turpis a pede posuere nonummy. Integer non velit.','echawkley2i','2023-06-09 11:30:03',0,0,0,'1111'),
(142,12,'at velit eu est congue elementum in','Aenean fermentum. Donec ut mauris eget massa tempor convallis. Nulla neque libero, convallis eget, eleifend luctus, ultricies eu, nibh.\n\nQuisque id justo sit amet sapien dignissim vestibulum. Vestibulum ante ipsum primis in faucibus orci luctus et ultrices posuere cubilia Curae; Nulla dapibus dolor vel est. Donec odio justo, sollicitudin ut, suscipit a, feugiat et, eros.\n\nVestibulum ac est lacinia nisi venenatis tristique. Fusce congue, diam id ornare imperdiet, sapien urna pretium nisl, ut volutpat sapien arcu sed augue. Aliquam erat volutpat.','ewaddilow2j','2023-06-09 11:30:03',0,0,0,'1111'),
(143,12,'ante ipsum primis in faucibus','Proin eu mi. Nulla ac enim. In tempor, turpis nec euismod scelerisque, quam turpis adipiscing lorem, vitae mattis nibh ligula nec sem.\n\nDuis aliquam convallis nunc. Proin at turpis a pede posuere nonummy. Integer non velit.\n\nDonec diam neque, vestibulum eget, vulputate ut, ultrices vel, augue. Vestibulum ante ipsum primis in faucibus orci luctus et ultrices posuere cubilia Curae; Donec pharetra, magna vestibulum aliquet ultrices, erat tortor sollicitudin mi, sit amet lobortis sapien sapien non mi. Integer ac neque.','bcatherine2k','2023-06-09 11:30:03',0,0,0,'1111'),
(144,12,'pellentesque at nulla suspendisse potenti cras in purus eu','Maecenas ut massa quis augue luctus tincidunt. Nulla mollis molestie lorem. Quisque ut erat.','moregan2l','2023-06-09 11:30:03',0,0,0,'1111'),
(145,12,'proin at turpis a pede','Curabitur in libero ut massa volutpat convallis. Morbi odio odio, elementum eu, interdum eu, tincidunt in, leo. Maecenas pulvinar lobortis est.\n\nPhasellus sit amet erat. Nulla tempus. Vivamus in felis eu sapien cursus vestibulum.\n\nProin eu mi. Nulla ac enim. In tempor, turpis nec euismod scelerisque, quam turpis adipiscing lorem, vitae mattis nibh ligula nec sem.','mbeslier2m','2023-06-09 11:30:03',0,0,0,'1111'),
(146,12,'nec sem duis aliquam convallis nunc proin at turpis','Mauris enim leo, rhoncus sed, vestibulum sit amet, cursus id, turpis. Integer aliquet, massa id lobortis convallis, tortor risus dapibus augue, vel accumsan tellus nisi eu orci. Mauris lacinia sapien quis libero.','cmccolm2n','2023-06-09 11:30:03',0,0,0,'1111'),
(147,12,'tortor sollicitudin mi sit amet lobortis sapien sapien','Cras mi pede, malesuada in, imperdiet et, commodo vulputate, justo. In blandit ultrices enim. Lorem ipsum dolor sit amet, consectetuer adipiscing elit.\n\nProin interdum mauris non ligula pellentesque ultrices. Phasellus id sapien in sapien iaculis congue. Vivamus metus arcu, adipiscing molestie, hendrerit at, vulputate vitae, nisl.','pgrenkov2o','2023-06-09 11:30:04',0,0,0,'1111'),
(148,12,'non quam nec dui luctus rutrum nulla tellus in sagittis','Proin eu mi. Nulla ac enim. In tempor, turpis nec euismod scelerisque, quam turpis adipiscing lorem, vitae mattis nibh ligula nec sem.\n\nDuis aliquam convallis nunc. Proin at turpis a pede posuere nonummy. Integer non velit.','cmungin2p','2023-06-09 11:30:04',0,0,0,'1111'),
(149,12,'morbi quis tortor id nulla ultrices aliquet maecenas leo odio','Donec diam neque, vestibulum eget, vulputate ut, ultrices vel, augue. Vestibulum ante ipsum primis in faucibus orci luctus et ultrices posuere cubilia Curae; Donec pharetra, magna vestibulum aliquet ultrices, erat tortor sollicitudin mi, sit amet lobortis sapien sapien non mi. Integer ac neque.','hyoseloff2q','2023-06-09 11:30:04',0,0,0,'1111'),
(150,12,'massa id lobortis convallis tortor risus dapibus augue','Aenean lectus. Pellentesque eget nunc. Donec quis orci eget orci vehicula condimentum.\n\nCurabitur in libero ut massa volutpat convallis. Morbi odio odio, elementum eu, interdum eu, tincidunt in, leo. Maecenas pulvinar lobortis est.\n\nPhasellus sit amet erat. Nulla tempus. Vivamus in felis eu sapien cursus vestibulum.','cgledhill2r','2023-06-09 11:30:04',0,0,0,'1111'),
(151,12,'habitasse platea dictumst maecenas ut massa','Maecenas leo odio, condimentum id, luctus nec, molestie sed, justo. Pellentesque viverra pede ac diam. Cras pellentesque volutpat dui.\n\nMaecenas tristique, est et tempus semper, est quam pharetra magna, ac consequat metus sapien ut nunc. Vestibulum ante ipsum primis in faucibus orci luctus et ultrices posuere cubilia Curae; Mauris viverra diam vitae quam. Suspendisse potenti.\n\nNullam porttitor lacus at turpis. Donec posuere metus vitae ipsum. Aliquam non mauris.','slandell2s','2023-06-09 11:30:04',0,0,0,'1111'),
(152,12,'enim sit amet nunc viverra','Nulla ut erat id mauris vulputate elementum. Nullam varius. Nulla facilisi.\n\nCras non velit nec nisi vulputate nonummy. Maecenas tincidunt lacus at velit. Vivamus vel nulla eget eros elementum pellentesque.\n\nQuisque porta volutpat erat. Quisque erat eros, viverra eget, congue eget, semper rutrum, nulla. Nunc purus.','elambertz2t','2023-06-09 11:30:04',0,0,0,'1111'),
(153,12,'ac nibh fusce lacus purus','Quisque porta volutpat erat. Quisque erat eros, viverra eget, congue eget, semper rutrum, nulla. Nunc purus.','mhullot2u','2023-06-09 11:30:04',0,0,0,'1111'),
(154,12,'vivamus in felis eu sapien cursus vestibulum proin','Mauris enim leo, rhoncus sed, vestibulum sit amet, cursus id, turpis. Integer aliquet, massa id lobortis convallis, tortor risus dapibus augue, vel accumsan tellus nisi eu orci. Mauris lacinia sapien quis libero.','kellesmere2v','2023-06-09 11:30:04',0,0,0,'1111'),
(155,12,'nulla ac enim in tempor turpis nec euismod scelerisque','Nullam sit amet turpis elementum ligula vehicula consequat. Morbi a ipsum. Integer a nibh.\n\nIn quis justo. Maecenas rhoncus aliquam lacus. Morbi quis tortor id nulla ultrices aliquet.\n\nMaecenas leo odio, condimentum id, luctus nec, molestie sed, justo. Pellentesque viverra pede ac diam. Cras pellentesque volutpat dui.','hrodolfi2w','2023-06-09 11:30:04',0,0,0,'1111'),
(156,12,'at dolor quis odio consequat varius integer ac','Mauris enim leo, rhoncus sed, vestibulum sit amet, cursus id, turpis. Integer aliquet, massa id lobortis convallis, tortor risus dapibus augue, vel accumsan tellus nisi eu orci. Mauris lacinia sapien quis libero.\n\nNullam sit amet turpis elementum ligula vehicula consequat. Morbi a ipsum. Integer a nibh.\n\nIn quis justo. Maecenas rhoncus aliquam lacus. Morbi quis tortor id nulla ultrices aliquet.','dwhitcher2x','2023-06-09 11:30:04',0,0,0,'1111'),
(157,12,'eros elementum pellentesque quisque porta volutpat erat quisque erat eros','Integer ac leo. Pellentesque ultrices mattis odio. Donec vitae nisi.\n\nNam ultrices, libero non mattis pulvinar, nulla pede ullamcorper augue, a suscipit nulla elit ac nulla. Sed vel enim sit amet nunc viverra dapibus. Nulla suscipit ligula in lacus.','adaud2y','2023-06-09 11:30:04',0,0,0,'1111'),
(158,12,'sed magna at nunc commodo','In congue. Etiam justo. Etiam pretium iaculis justo.','cpilsbury2z','2023-06-09 11:30:04',0,0,0,'1111'),
(159,12,'in magna bibendum imperdiet nullam orci','Morbi porttitor lorem id ligula. Suspendisse ornare consequat lectus. In est risus, auctor sed, tristique in, tempus sit amet, sem.\n\nFusce consequat. Nulla nisl. Nunc nisl.','egatley30','2023-06-09 11:30:04',0,0,0,'1111'),
(160,12,'in faucibus orci luctus et ultrices','Sed ante. Vivamus tortor. Duis mattis egestas metus.','bgibbons31','2023-06-09 11:30:04',0,0,0,'1111'),
(161,12,'integer non velit donec diam neque vestibulum eget','Suspendisse potenti. In eleifend quam a odio. In hac habitasse platea dictumst.\n\nMaecenas ut massa quis augue luctus tincidunt. Nulla mollis molestie lorem. Quisque ut erat.','hduddell32','2023-06-09 11:30:04',0,0,0,'1111'),
(162,12,'auctor sed tristique in tempus sit amet sem fusce consequat','Duis consequat dui nec nisi volutpat eleifend. Donec ut dolor. Morbi vel lectus in quam fringilla rhoncus.\n\nMauris enim leo, rhoncus sed, vestibulum sit amet, cursus id, turpis. Integer aliquet, massa id lobortis convallis, tortor risus dapibus augue, vel accumsan tellus nisi eu orci. Mauris lacinia sapien quis libero.\n\nNullam sit amet turpis elementum ligula vehicula consequat. Morbi a ipsum. Integer a nibh.','edamiral33','2023-06-09 11:30:04',0,0,0,'1111'),
(163,12,'in purus eu magna vulputate luctus','Duis bibendum. Morbi non quam nec dui luctus rutrum. Nulla tellus.\n\nIn sagittis dui vel nisl. Duis ac nibh. Fusce lacus purus, aliquet at, feugiat non, pretium quis, lectus.','ldethloff34','2023-06-09 11:30:04',0,0,0,'1111'),
(164,12,'praesent blandit nam nulla integer pede justo','Maecenas leo odio, condimentum id, luctus nec, molestie sed, justo. Pellentesque viverra pede ac diam. Cras pellentesque volutpat dui.\n\nMaecenas tristique, est et tempus semper, est quam pharetra magna, ac consequat metus sapien ut nunc. Vestibulum ante ipsum primis in faucibus orci luctus et ultrices posuere cubilia Curae; Mauris viverra diam vitae quam. Suspendisse potenti.','dbirkmyre35','2023-06-09 11:30:04',0,0,0,'1111'),
(165,12,'nulla nunc purus phasellus in felis donec','Phasellus sit amet erat. Nulla tempus. Vivamus in felis eu sapien cursus vestibulum.','cwones36','2023-06-09 11:30:04',0,0,0,'1111'),
(166,12,'leo pellentesque ultrices mattis odio donec vitae nisi nam','Sed sagittis. Nam congue, risus semper porta volutpat, quam pede lobortis ligula, sit amet eleifend pede libero quis orci. Nullam molestie nibh in lectus.','mslimmon37','2023-06-09 11:30:04',0,0,0,'1111'),
(167,12,'et eros vestibulum ac est','In hac habitasse platea dictumst. Etiam faucibus cursus urna. Ut tellus.\n\nNulla ut erat id mauris vulputate elementum. Nullam varius. Nulla facilisi.\n\nCras non velit nec nisi vulputate nonummy. Maecenas tincidunt lacus at velit. Vivamus vel nulla eget eros elementum pellentesque.','gharrod38','2023-06-09 11:30:04',0,0,0,'1111'),
(168,12,'nec condimentum neque sapien placerat ante nulla justo','In hac habitasse platea dictumst. Morbi vestibulum, velit id pretium iaculis, diam erat fermentum justo, nec condimentum neque sapien placerat ante. Nulla justo.','bmegarrell39','2023-06-09 11:30:04',0,0,0,'1111'),
(169,12,'semper est quam pharetra magna ac','Quisque id justo sit amet sapien dignissim vestibulum. Vestibulum ante ipsum primis in faucibus orci luctus et ultrices posuere cubilia Curae; Nulla dapibus dolor vel est. Donec odio justo, sollicitudin ut, suscipit a, feugiat et, eros.\n\nVestibulum ac est lacinia nisi venenatis tristique. Fusce congue, diam id ornare imperdiet, sapien urna pretium nisl, ut volutpat sapien arcu sed augue. Aliquam erat volutpat.\n\nIn congue. Etiam justo. Etiam pretium iaculis justo.','dgavozzi3a','2023-06-09 11:30:04',0,0,0,'1111'),
(170,12,'dui nec nisi volutpat eleifend','Proin interdum mauris non ligula pellentesque ultrices. Phasellus id sapien in sapien iaculis congue. Vivamus metus arcu, adipiscing molestie, hendrerit at, vulputate vitae, nisl.','mmainstone3b','2023-06-09 11:30:04',0,0,0,'1111'),
(171,12,'amet eros suspendisse accumsan tortor quis','In congue. Etiam justo. Etiam pretium iaculis justo.\n\nIn hac habitasse platea dictumst. Etiam faucibus cursus urna. Ut tellus.','pcassely3c','2023-06-09 11:30:04',0,0,0,'1111'),
(172,12,'ut rhoncus aliquet pulvinar sed nisl nunc rhoncus dui vel','Duis aliquam convallis nunc. Proin at turpis a pede posuere nonummy. Integer non velit.','rkeay3d','2023-06-09 11:30:04',0,0,0,'1111'),
(173,12,'amet sapien dignissim vestibulum vestibulum ante','Nullam sit amet turpis elementum ligula vehicula consequat. Morbi a ipsum. Integer a nibh.','graywood3e','2023-06-09 11:30:04',0,0,0,'1111'),
(174,12,'elit sodales scelerisque mauris sit amet eros suspendisse accumsan','Vestibulum ac est lacinia nisi venenatis tristique. Fusce congue, diam id ornare imperdiet, sapien urna pretium nisl, ut volutpat sapien arcu sed augue. Aliquam erat volutpat.\n\nIn congue. Etiam justo. Etiam pretium iaculis justo.\n\nIn hac habitasse platea dictumst. Etiam faucibus cursus urna. Ut tellus.','bastle3f','2023-06-09 11:30:04',0,0,0,'1111'),
(175,12,'ante ipsum primis in faucibus orci luctus et','Phasellus in felis. Donec semper sapien a libero. Nam dui.\n\nProin leo odio, porttitor id, consequat in, consequat ut, nulla. Sed accumsan felis. Ut at dolor quis odio consequat varius.\n\nInteger ac leo. Pellentesque ultrices mattis odio. Donec vitae nisi.','rkoba3g','2023-06-09 11:30:04',0,0,0,'1111'),
(176,12,'vel nulla eget eros elementum pellentesque quisque porta volutpat erat','Cras non velit nec nisi vulputate nonummy. Maecenas tincidunt lacus at velit. Vivamus vel nulla eget eros elementum pellentesque.\n\nQuisque porta volutpat erat. Quisque erat eros, viverra eget, congue eget, semper rutrum, nulla. Nunc purus.\n\nPhasellus in felis. Donec semper sapien a libero. Nam dui.','vhawarden3h','2023-06-09 11:30:04',0,0,0,'1111'),
(177,12,'ipsum primis in faucibus orci luctus','Cras mi pede, malesuada in, imperdiet et, commodo vulputate, justo. In blandit ultrices enim. Lorem ipsum dolor sit amet, consectetuer adipiscing elit.\n\nProin interdum mauris non ligula pellentesque ultrices. Phasellus id sapien in sapien iaculis congue. Vivamus metus arcu, adipiscing molestie, hendrerit at, vulputate vitae, nisl.','fpebworth3i','2023-06-09 11:30:04',0,0,0,'1111'),
(178,12,'est phasellus sit amet erat nulla tempus','Nullam sit amet turpis elementum ligula vehicula consequat. Morbi a ipsum. Integer a nibh.','sbeacham3j','2023-06-09 11:30:04',0,0,0,'1111'),
(179,12,'rhoncus sed vestibulum sit amet cursus id turpis integer','Maecenas tristique, est et tempus semper, est quam pharetra magna, ac consequat metus sapien ut nunc. Vestibulum ante ipsum primis in faucibus orci luctus et ultrices posuere cubilia Curae; Mauris viverra diam vitae quam. Suspendisse potenti.\n\nNullam porttitor lacus at turpis. Donec posuere metus vitae ipsum. Aliquam non mauris.\n\nMorbi non lectus. Aliquam sit amet diam in magna bibendum imperdiet. Nullam orci pede, venenatis non, sodales sed, tincidunt eu, felis.','jabberley3k','2023-06-09 11:30:04',0,0,0,'1111'),
(180,12,'sagittis dui vel nisl duis ac nibh fusce lacus','Etiam vel augue. Vestibulum rutrum rutrum neque. Aenean auctor gravida sem.','czupone3l','2023-06-09 11:30:04',0,0,0,'1111'),
(181,12,'orci luctus et ultrices posuere cubilia curae nulla dapibus','Nullam sit amet turpis elementum ligula vehicula consequat. Morbi a ipsum. Integer a nibh.\n\nIn quis justo. Maecenas rhoncus aliquam lacus. Morbi quis tortor id nulla ultrices aliquet.\n\nMaecenas leo odio, condimentum id, luctus nec, molestie sed, justo. Pellentesque viverra pede ac diam. Cras pellentesque volutpat dui.','hkingdon3m','2023-06-09 11:30:04',0,0,0,'1111'),
(182,12,'lacinia sapien quis libero nullam sit amet turpis','Maecenas ut massa quis augue luctus tincidunt. Nulla mollis molestie lorem. Quisque ut erat.\n\nCurabitur gravida nisi at nibh. In hac habitasse platea dictumst. Aliquam augue quam, sollicitudin vitae, consectetuer eget, rutrum at, lorem.\n\nInteger tincidunt ante vel ipsum. Praesent blandit lacinia erat. Vestibulum sed magna at nunc commodo placerat.','pdorton3n','2023-06-09 11:30:04',0,0,0,'1111'),
(183,12,'luctus et ultrices posuere cubilia curae donec pharetra','In hac habitasse platea dictumst. Morbi vestibulum, velit id pretium iaculis, diam erat fermentum justo, nec condimentum neque sapien placerat ante. Nulla justo.\n\nAliquam quis turpis eget elit sodales scelerisque. Mauris sit amet eros. Suspendisse accumsan tortor quis turpis.\n\nSed ante. Vivamus tortor. Duis mattis egestas metus.','gmitkcov3o','2023-06-09 11:30:04',0,0,0,'1111'),
(184,12,'mauris laoreet ut rhoncus aliquet pulvinar sed nisl','Cum sociis natoque penatibus et magnis dis parturient montes, nascetur ridiculus mus. Vivamus vestibulum sagittis sapien. Cum sociis natoque penatibus et magnis dis parturient montes, nascetur ridiculus mus.\n\nEtiam vel augue. Vestibulum rutrum rutrum neque. Aenean auctor gravida sem.','gyurocjkin3p','2023-06-09 11:30:04',0,0,0,'1111'),
(185,12,'vulputate justo in blandit ultrices enim lorem','Curabitur in libero ut massa volutpat convallis. Morbi odio odio, elementum eu, interdum eu, tincidunt in, leo. Maecenas pulvinar lobortis est.','kblackborn3q','2023-06-09 11:30:04',0,0,0,'1111'),
(186,12,'consequat morbi a ipsum integer a nibh in','Nulla ut erat id mauris vulputate elementum. Nullam varius. Nulla facilisi.\n\nCras non velit nec nisi vulputate nonummy. Maecenas tincidunt lacus at velit. Vivamus vel nulla eget eros elementum pellentesque.\n\nQuisque porta volutpat erat. Quisque erat eros, viverra eget, congue eget, semper rutrum, nulla. Nunc purus.','alidgely3r','2023-06-09 11:30:04',0,0,0,'1111'),
(187,12,'nam dui proin leo odio porttitor id consequat','Quisque porta volutpat erat. Quisque erat eros, viverra eget, congue eget, semper rutrum, nulla. Nunc purus.\n\nPhasellus in felis. Donec semper sapien a libero. Nam dui.','cgoldhawk3s','2023-06-09 11:30:04',0,0,0,'1111'),
(188,12,'quam pede lobortis ligula sit','Cras non velit nec nisi vulputate nonummy. Maecenas tincidunt lacus at velit. Vivamus vel nulla eget eros elementum pellentesque.','bpaladini3t','2023-06-09 11:30:04',0,0,0,'1111'),
(189,12,'vehicula condimentum curabitur in libero ut massa volutpat convallis','Quisque porta volutpat erat. Quisque erat eros, viverra eget, congue eget, semper rutrum, nulla. Nunc purus.\n\nPhasellus in felis. Donec semper sapien a libero. Nam dui.\n\nProin leo odio, porttitor id, consequat in, consequat ut, nulla. Sed accumsan felis. Ut at dolor quis odio consequat varius.','dhavenhand3u','2023-06-09 11:30:04',0,0,0,'1111'),
(190,12,'a feugiat et eros vestibulum ac','Proin interdum mauris non ligula pellentesque ultrices. Phasellus id sapien in sapien iaculis congue. Vivamus metus arcu, adipiscing molestie, hendrerit at, vulputate vitae, nisl.','ibairstow3v','2023-06-09 11:30:04',0,0,0,'1111'),
(191,12,'nullam varius nulla facilisi cras non','Cras non velit nec nisi vulputate nonummy. Maecenas tincidunt lacus at velit. Vivamus vel nulla eget eros elementum pellentesque.','educroe3w','2023-06-09 11:30:04',0,0,0,'1111'),
(192,12,'lacinia eget tincidunt eget tempus vel pede morbi porttitor lorem','Phasellus in felis. Donec semper sapien a libero. Nam dui.\n\nProin leo odio, porttitor id, consequat in, consequat ut, nulla. Sed accumsan felis. Ut at dolor quis odio consequat varius.','uandresser3x','2023-06-09 11:30:04',0,0,0,'1111'),
(193,12,'sit amet justo morbi ut odio cras mi','Vestibulum quam sapien, varius ut, blandit non, interdum in, ante. Vestibulum ante ipsum primis in faucibus orci luctus et ultrices posuere cubilia Curae; Duis faucibus accumsan odio. Curabitur convallis.\n\nDuis consequat dui nec nisi volutpat eleifend. Donec ut dolor. Morbi vel lectus in quam fringilla rhoncus.\n\nMauris enim leo, rhoncus sed, vestibulum sit amet, cursus id, turpis. Integer aliquet, massa id lobortis convallis, tortor risus dapibus augue, vel accumsan tellus nisi eu orci. Mauris lacinia sapien quis libero.','rbruckner3y','2023-06-09 11:30:04',0,0,0,'1111'),
(194,12,'ac nulla sed vel enim sit amet','Duis bibendum, felis sed interdum venenatis, turpis enim blandit mi, in porttitor pede justo eu massa. Donec dapibus. Duis at velit eu est congue elementum.\n\nIn hac habitasse platea dictumst. Morbi vestibulum, velit id pretium iaculis, diam erat fermentum justo, nec condimentum neque sapien placerat ante. Nulla justo.\n\nAliquam quis turpis eget elit sodales scelerisque. Mauris sit amet eros. Suspendisse accumsan tortor quis turpis.','gmerida3z','2023-06-09 11:30:04',0,0,0,'1111'),
(195,12,'venenatis non sodales sed tincidunt eu','Aenean lectus. Pellentesque eget nunc. Donec quis orci eget orci vehicula condimentum.','blife40','2023-06-09 11:30:04',0,0,0,'1111'),
(196,12,'nullam molestie nibh in lectus pellentesque','Pellentesque at nulla. Suspendisse potenti. Cras in purus eu magna vulputate luctus.','fburtwell41','2023-06-09 11:30:04',0,0,0,'1111'),
(197,12,'justo sit amet sapien dignissim vestibulum vestibulum ante ipsum','Cras mi pede, malesuada in, imperdiet et, commodo vulputate, justo. In blandit ultrices enim. Lorem ipsum dolor sit amet, consectetuer adipiscing elit.','nthurlby42','2023-06-09 11:30:04',0,0,0,'1111'),
(198,12,'rutrum ac lobortis vel dapibus at diam nam tristique tortor','In sagittis dui vel nisl. Duis ac nibh. Fusce lacus purus, aliquet at, feugiat non, pretium quis, lectus.\n\nSuspendisse potenti. In eleifend quam a odio. In hac habitasse platea dictumst.','dnorway43','2023-06-09 11:30:04',0,0,0,'1111'),
(199,12,'amet justo morbi ut odio cras mi','Vestibulum quam sapien, varius ut, blandit non, interdum in, ante. Vestibulum ante ipsum primis in faucibus orci luctus et ultrices posuere cubilia Curae; Duis faucibus accumsan odio. Curabitur convallis.\n\nDuis consequat dui nec nisi volutpat eleifend. Donec ut dolor. Morbi vel lectus in quam fringilla rhoncus.','adevoiels44','2023-06-09 11:30:04',0,0,0,'1111'),
(200,12,'potenti cras in purus eu magna','Aenean lectus. Pellentesque eget nunc. Donec quis orci eget orci vehicula condimentum.\n\nCurabitur in libero ut massa volutpat convallis. Morbi odio odio, elementum eu, interdum eu, tincidunt in, leo. Maecenas pulvinar lobortis est.\n\nPhasellus sit amet erat. Nulla tempus. Vivamus in felis eu sapien cursus vestibulum.','pfairest45','2023-06-09 11:30:04',0,0,0,'1111'),
(201,12,'euismod scelerisque quam turpis adipiscing lorem','Nulla ut erat id mauris vulputate elementum. Nullam varius. Nulla facilisi.\n\nCras non velit nec nisi vulputate nonummy. Maecenas tincidunt lacus at velit. Vivamus vel nulla eget eros elementum pellentesque.\n\nQuisque porta volutpat erat. Quisque erat eros, viverra eget, congue eget, semper rutrum, nulla. Nunc purus.','upetroulis46','2023-06-09 11:30:04',0,0,0,'1111'),
(202,12,'nibh in hac habitasse platea dictumst aliquam','Proin interdum mauris non ligula pellentesque ultrices. Phasellus id sapien in sapien iaculis congue. Vivamus metus arcu, adipiscing molestie, hendrerit at, vulputate vitae, nisl.','javraham47','2023-06-09 11:30:04',0,0,0,'1111'),
(203,12,'risus praesent lectus vestibulum quam sapien varius ut blandit non','Cras mi pede, malesuada in, imperdiet et, commodo vulputate, justo. In blandit ultrices enim. Lorem ipsum dolor sit amet, consectetuer adipiscing elit.\n\nProin interdum mauris non ligula pellentesque ultrices. Phasellus id sapien in sapien iaculis congue. Vivamus metus arcu, adipiscing molestie, hendrerit at, vulputate vitae, nisl.\n\nAenean lectus. Pellentesque eget nunc. Donec quis orci eget orci vehicula condimentum.','cancliff48','2023-06-09 11:30:04',0,0,0,'1111'),
(204,12,'pharetra magna ac consequat metus sapien ut nunc','Vestibulum quam sapien, varius ut, blandit non, interdum in, ante. Vestibulum ante ipsum primis in faucibus orci luctus et ultrices posuere cubilia Curae; Duis faucibus accumsan odio. Curabitur convallis.\n\nDuis consequat dui nec nisi volutpat eleifend. Donec ut dolor. Morbi vel lectus in quam fringilla rhoncus.\n\nMauris enim leo, rhoncus sed, vestibulum sit amet, cursus id, turpis. Integer aliquet, massa id lobortis convallis, tortor risus dapibus augue, vel accumsan tellus nisi eu orci. Mauris lacinia sapien quis libero.','rskentelbery49','2023-06-09 11:30:04',0,0,0,'1111'),
(205,12,'sociis natoque penatibus et magnis dis parturient montes','Duis bibendum. Morbi non quam nec dui luctus rutrum. Nulla tellus.\n\nIn sagittis dui vel nisl. Duis ac nibh. Fusce lacus purus, aliquet at, feugiat non, pretium quis, lectus.\n\nSuspendisse potenti. In eleifend quam a odio. In hac habitasse platea dictumst.','mlemoucheux4a','2023-06-09 11:30:04',0,0,0,'1111'),
(206,12,'vivamus tortor duis mattis egestas metus','Sed ante. Vivamus tortor. Duis mattis egestas metus.','wnewberry4b','2023-06-09 11:30:04',0,0,0,'1111'),
(207,12,'at ipsum ac tellus semper','Nulla ut erat id mauris vulputate elementum. Nullam varius. Nulla facilisi.','ecourtliff4c','2023-06-09 11:30:04',0,0,0,'1111'),
(208,12,'sociis natoque penatibus et magnis dis parturient','Lorem ipsum dolor sit amet, consectetuer adipiscing elit. Proin risus. Praesent lectus.\n\nVestibulum quam sapien, varius ut, blandit non, interdum in, ante. Vestibulum ante ipsum primis in faucibus orci luctus et ultrices posuere cubilia Curae; Duis faucibus accumsan odio. Curabitur convallis.\n\nDuis consequat dui nec nisi volutpat eleifend. Donec ut dolor. Morbi vel lectus in quam fringilla rhoncus.','acolchett4d','2023-06-09 11:30:04',0,0,0,'1111'),
(209,12,'justo lacinia eget tincidunt eget tempus vel pede morbi','In sagittis dui vel nisl. Duis ac nibh. Fusce lacus purus, aliquet at, feugiat non, pretium quis, lectus.','etonkinson4e','2023-06-09 11:30:04',0,0,0,'1111'),
(210,12,'platea dictumst aliquam augue quam','In hac habitasse platea dictumst. Etiam faucibus cursus urna. Ut tellus.','nclair4f','2023-06-09 11:30:04',0,0,0,'1111'),
(211,12,'in lacus curabitur at ipsum ac','Vestibulum ac est lacinia nisi venenatis tristique. Fusce congue, diam id ornare imperdiet, sapien urna pretium nisl, ut volutpat sapien arcu sed augue. Aliquam erat volutpat.\n\nIn congue. Etiam justo. Etiam pretium iaculis justo.\n\nIn hac habitasse platea dictumst. Etiam faucibus cursus urna. Ut tellus.','odonnett4g','2023-06-09 11:30:04',0,0,0,'1111'),
(212,12,'sed vel enim sit amet nunc viverra dapibus','In quis justo. Maecenas rhoncus aliquam lacus. Morbi quis tortor id nulla ultrices aliquet.\n\nMaecenas leo odio, condimentum id, luctus nec, molestie sed, justo. Pellentesque viverra pede ac diam. Cras pellentesque volutpat dui.\n\nMaecenas tristique, est et tempus semper, est quam pharetra magna, ac consequat metus sapien ut nunc. Vestibulum ante ipsum primis in faucibus orci luctus et ultrices posuere cubilia Curae; Mauris viverra diam vitae quam. Suspendisse potenti.','rformby4h','2023-06-09 11:30:04',0,0,0,'1111'),
(213,12,'non lectus aliquam sit amet diam in magna bibendum imperdiet','Phasellus sit amet erat. Nulla tempus. Vivamus in felis eu sapien cursus vestibulum.\n\nProin eu mi. Nulla ac enim. In tempor, turpis nec euismod scelerisque, quam turpis adipiscing lorem, vitae mattis nibh ligula nec sem.\n\nDuis aliquam convallis nunc. Proin at turpis a pede posuere nonummy. Integer non velit.','dalfonsetto4i','2023-06-09 11:30:04',0,0,0,'1111'),
(214,12,'non pretium quis lectus suspendisse potenti in eleifend quam a','Nam ultrices, libero non mattis pulvinar, nulla pede ullamcorper augue, a suscipit nulla elit ac nulla. Sed vel enim sit amet nunc viverra dapibus. Nulla suscipit ligula in lacus.','hsybe4j','2023-06-09 11:30:04',0,0,0,'1111'),
(215,12,'in felis eu sapien cursus vestibulum proin eu','In sagittis dui vel nisl. Duis ac nibh. Fusce lacus purus, aliquet at, feugiat non, pretium quis, lectus.\n\nSuspendisse potenti. In eleifend quam a odio. In hac habitasse platea dictumst.','sreef4k','2023-06-09 11:30:04',0,0,0,'1111'),
(216,12,'integer non velit donec diam','Duis aliquam convallis nunc. Proin at turpis a pede posuere nonummy. Integer non velit.','abourthouloume4l','2023-06-09 11:30:04',0,0,0,'1111'),
(217,12,'risus dapibus augue vel accumsan tellus nisi eu orci','Integer ac leo. Pellentesque ultrices mattis odio. Donec vitae nisi.','hbertwistle4m','2023-06-09 11:30:04',0,0,0,'1111'),
(218,12,'vestibulum sit amet cursus id turpis','Quisque id justo sit amet sapien dignissim vestibulum. Vestibulum ante ipsum primis in faucibus orci luctus et ultrices posuere cubilia Curae; Nulla dapibus dolor vel est. Donec odio justo, sollicitudin ut, suscipit a, feugiat et, eros.\n\nVestibulum ac est lacinia nisi venenatis tristique. Fusce congue, diam id ornare imperdiet, sapien urna pretium nisl, ut volutpat sapien arcu sed augue. Aliquam erat volutpat.','rriche4n','2023-06-09 11:30:04',0,0,0,'1111'),
(219,12,'penatibus et magnis dis parturient montes','Phasellus in felis. Donec semper sapien a libero. Nam dui.','wpapen4o','2023-06-09 11:30:04',0,0,0,'1111'),
(220,12,'phasellus in felis donec semper','Duis bibendum, felis sed interdum venenatis, turpis enim blandit mi, in porttitor pede justo eu massa. Donec dapibus. Duis at velit eu est congue elementum.','hcawdell4p','2023-06-09 11:30:04',0,0,0,'1111'),
(221,12,'orci luctus et ultrices posuere','Lorem ipsum dolor sit amet, consectetuer adipiscing elit. Proin risus. Praesent lectus.\n\nVestibulum quam sapien, varius ut, blandit non, interdum in, ante. Vestibulum ante ipsum primis in faucibus orci luctus et ultrices posuere cubilia Curae; Duis faucibus accumsan odio. Curabitur convallis.','jdingsdale4q','2023-06-09 11:30:04',0,0,0,'1111'),
(222,12,'auctor gravida sem praesent id','Suspendisse potenti. In eleifend quam a odio. In hac habitasse platea dictumst.\n\nMaecenas ut massa quis augue luctus tincidunt. Nulla mollis molestie lorem. Quisque ut erat.\n\nCurabitur gravida nisi at nibh. In hac habitasse platea dictumst. Aliquam augue quam, sollicitudin vitae, consectetuer eget, rutrum at, lorem.','ssnoxall4r','2023-06-09 11:30:04',0,0,0,'1111'),
(223,12,'donec odio justo sollicitudin ut suscipit a feugiat et eros','Duis bibendum. Morbi non quam nec dui luctus rutrum. Nulla tellus.','wbrandle4s','2023-06-09 11:30:04',0,0,0,'1111'),
(224,12,'hac habitasse platea dictumst aliquam augue quam sollicitudin vitae','Sed sagittis. Nam congue, risus semper porta volutpat, quam pede lobortis ligula, sit amet eleifend pede libero quis orci. Nullam molestie nibh in lectus.','mkenefick4t','2023-06-09 11:30:04',0,0,0,'1111'),
(225,12,'libero nullam sit amet turpis elementum ligula vehicula','Curabitur in libero ut massa volutpat convallis. Morbi odio odio, elementum eu, interdum eu, tincidunt in, leo. Maecenas pulvinar lobortis est.\n\nPhasellus sit amet erat. Nulla tempus. Vivamus in felis eu sapien cursus vestibulum.\n\nProin eu mi. Nulla ac enim. In tempor, turpis nec euismod scelerisque, quam turpis adipiscing lorem, vitae mattis nibh ligula nec sem.','adallison4u','2023-06-09 11:30:04',0,0,0,'1111'),
(226,12,'et ultrices posuere cubilia curae duis','Pellentesque at nulla. Suspendisse potenti. Cras in purus eu magna vulputate luctus.\n\nCum sociis natoque penatibus et magnis dis parturient montes, nascetur ridiculus mus. Vivamus vestibulum sagittis sapien. Cum sociis natoque penatibus et magnis dis parturient montes, nascetur ridiculus mus.','cpopham4v','2023-06-09 11:30:04',0,0,0,'1111'),
(227,12,'at diam nam tristique tortor','Phasellus sit amet erat. Nulla tempus. Vivamus in felis eu sapien cursus vestibulum.','cgaskarth4w','2023-06-09 11:30:04',0,0,0,'1111'),
(228,12,'risus semper porta volutpat quam pede lobortis','Praesent blandit. Nam nulla. Integer pede justo, lacinia eget, tincidunt eget, tempus vel, pede.\n\nMorbi porttitor lorem id ligula. Suspendisse ornare consequat lectus. In est risus, auctor sed, tristique in, tempus sit amet, sem.\n\nFusce consequat. Nulla nisl. Nunc nisl.','swackly4x','2023-06-09 11:30:04',0,0,0,'1111'),
(229,12,'vulputate vitae nisl aenean lectus','Nam ultrices, libero non mattis pulvinar, nulla pede ullamcorper augue, a suscipit nulla elit ac nulla. Sed vel enim sit amet nunc viverra dapibus. Nulla suscipit ligula in lacus.\n\nCurabitur at ipsum ac tellus semper interdum. Mauris ullamcorper purus sit amet nulla. Quisque arcu libero, rutrum ac, lobortis vel, dapibus at, diam.','rbartkiewicz4y','2023-06-09 11:30:04',0,0,0,'1111'),
(230,12,'justo aliquam quis turpis eget elit sodales scelerisque mauris','Praesent id massa id nisl venenatis lacinia. Aenean sit amet justo. Morbi ut odio.\n\nCras mi pede, malesuada in, imperdiet et, commodo vulputate, justo. In blandit ultrices enim. Lorem ipsum dolor sit amet, consectetuer adipiscing elit.\n\nProin interdum mauris non ligula pellentesque ultrices. Phasellus id sapien in sapien iaculis congue. Vivamus metus arcu, adipiscing molestie, hendrerit at, vulputate vitae, nisl.','ttooth4z','2023-06-09 11:30:04',0,0,0,'1111'),
(231,12,'nisl nunc nisl duis bibendum felis sed interdum','Nam ultrices, libero non mattis pulvinar, nulla pede ullamcorper augue, a suscipit nulla elit ac nulla. Sed vel enim sit amet nunc viverra dapibus. Nulla suscipit ligula in lacus.\n\nCurabitur at ipsum ac tellus semper interdum. Mauris ullamcorper purus sit amet nulla. Quisque arcu libero, rutrum ac, lobortis vel, dapibus at, diam.','bhansbury50','2023-06-09 11:30:04',0,0,0,'1111'),
(232,12,'elementum pellentesque quisque porta volutpat','Nam ultrices, libero non mattis pulvinar, nulla pede ullamcorper augue, a suscipit nulla elit ac nulla. Sed vel enim sit amet nunc viverra dapibus. Nulla suscipit ligula in lacus.\n\nCurabitur at ipsum ac tellus semper interdum. Mauris ullamcorper purus sit amet nulla. Quisque arcu libero, rutrum ac, lobortis vel, dapibus at, diam.','cibanez51','2023-06-09 11:30:04',0,0,0,'1111'),
(233,12,'vivamus metus arcu adipiscing molestie hendrerit at vulputate','Suspendisse potenti. In eleifend quam a odio. In hac habitasse platea dictumst.','tsaulter52','2023-06-09 11:30:04',0,0,0,'1111'),
(234,12,'sed sagittis nam congue risus','Nullam sit amet turpis elementum ligula vehicula consequat. Morbi a ipsum. Integer a nibh.\n\nIn quis justo. Maecenas rhoncus aliquam lacus. Morbi quis tortor id nulla ultrices aliquet.\n\nMaecenas leo odio, condimentum id, luctus nec, molestie sed, justo. Pellentesque viverra pede ac diam. Cras pellentesque volutpat dui.','rbaber53','2023-06-09 11:30:04',0,0,0,'1111'),
(235,12,'in blandit ultrices enim lorem ipsum','In hac habitasse platea dictumst. Morbi vestibulum, velit id pretium iaculis, diam erat fermentum justo, nec condimentum neque sapien placerat ante. Nulla justo.\n\nAliquam quis turpis eget elit sodales scelerisque. Mauris sit amet eros. Suspendisse accumsan tortor quis turpis.','gsabben54','2023-06-09 11:30:04',0,0,0,'1111'),
(236,12,'sagittis nam congue risus semper porta volutpat quam pede lobortis','Phasellus in felis. Donec semper sapien a libero. Nam dui.\n\nProin leo odio, porttitor id, consequat in, consequat ut, nulla. Sed accumsan felis. Ut at dolor quis odio consequat varius.\n\nInteger ac leo. Pellentesque ultrices mattis odio. Donec vitae nisi.','bagass55','2023-06-09 11:30:04',0,0,0,'1111'),
(237,12,'nulla nunc purus phasellus in felis donec','Integer ac leo. Pellentesque ultrices mattis odio. Donec vitae nisi.','bmellsop56','2023-06-09 11:30:04',0,0,0,'1111'),
(238,12,'nulla suscipit ligula in lacus curabitur at ipsum ac tellus','Nullam porttitor lacus at turpis. Donec posuere metus vitae ipsum. Aliquam non mauris.','amuehle57','2023-06-09 11:30:04',0,0,0,'1111'),
(239,12,'pede venenatis non sodales sed tincidunt eu felis fusce posuere','Cum sociis natoque penatibus et magnis dis parturient montes, nascetur ridiculus mus. Vivamus vestibulum sagittis sapien. Cum sociis natoque penatibus et magnis dis parturient montes, nascetur ridiculus mus.\n\nEtiam vel augue. Vestibulum rutrum rutrum neque. Aenean auctor gravida sem.\n\nPraesent id massa id nisl venenatis lacinia. Aenean sit amet justo. Morbi ut odio.','dbonaire58','2023-06-09 11:30:04',0,0,0,'1111'),
(240,12,'vulputate ut ultrices vel augue vestibulum ante ipsum primis','Vestibulum ac est lacinia nisi venenatis tristique. Fusce congue, diam id ornare imperdiet, sapien urna pretium nisl, ut volutpat sapien arcu sed augue. Aliquam erat volutpat.\n\nIn congue. Etiam justo. Etiam pretium iaculis justo.\n\nIn hac habitasse platea dictumst. Etiam faucibus cursus urna. Ut tellus.','gjodrellec59','2023-06-09 11:30:04',0,0,0,'1111'),
(241,12,'sit amet lobortis sapien sapien non mi integer ac','Fusce consequat. Nulla nisl. Nunc nisl.\n\nDuis bibendum, felis sed interdum venenatis, turpis enim blandit mi, in porttitor pede justo eu massa. Donec dapibus. Duis at velit eu est congue elementum.','kgrabeham5a','2023-06-09 11:30:04',0,0,0,'1111'),
(242,12,'ultrices posuere cubilia curae mauris viverra diam','Quisque id justo sit amet sapien dignissim vestibulum. Vestibulum ante ipsum primis in faucibus orci luctus et ultrices posuere cubilia Curae; Nulla dapibus dolor vel est. Donec odio justo, sollicitudin ut, suscipit a, feugiat et, eros.','dkabsch5b','2023-06-09 11:30:04',0,0,0,'1111'),
(243,12,'dapibus nulla suscipit ligula in lacus curabitur at ipsum','Nam ultrices, libero non mattis pulvinar, nulla pede ullamcorper augue, a suscipit nulla elit ac nulla. Sed vel enim sit amet nunc viverra dapibus. Nulla suscipit ligula in lacus.','apeschet5c','2023-06-09 11:30:04',0,0,0,'1111'),
(244,12,'vulputate vitae nisl aenean lectus pellentesque eget nunc donec','Cras mi pede, malesuada in, imperdiet et, commodo vulputate, justo. In blandit ultrices enim. Lorem ipsum dolor sit amet, consectetuer adipiscing elit.','eblues5d','2023-06-09 11:30:04',0,0,0,'1111'),
(245,12,'odio curabitur convallis duis consequat','Etiam vel augue. Vestibulum rutrum rutrum neque. Aenean auctor gravida sem.','wsabine5e','2023-06-09 11:30:04',0,0,0,'1111'),
(246,12,'vulputate vitae nisl aenean lectus pellentesque','Nulla ut erat id mauris vulputate elementum. Nullam varius. Nulla facilisi.','fmarzelo5f','2023-06-09 11:30:04',0,0,0,'1111'),
(247,12,'a pede posuere nonummy integer','In congue. Etiam justo. Etiam pretium iaculis justo.\n\nIn hac habitasse platea dictumst. Etiam faucibus cursus urna. Ut tellus.\n\nNulla ut erat id mauris vulputate elementum. Nullam varius. Nulla facilisi.','avanyukhin5g','2023-06-09 11:30:04',0,0,0,'1111'),
(248,12,'pharetra magna ac consequat metus sapien ut','Maecenas tristique, est et tempus semper, est quam pharetra magna, ac consequat metus sapien ut nunc. Vestibulum ante ipsum primis in faucibus orci luctus et ultrices posuere cubilia Curae; Mauris viverra diam vitae quam. Suspendisse potenti.\n\nNullam porttitor lacus at turpis. Donec posuere metus vitae ipsum. Aliquam non mauris.','dreadmire5h','2023-06-09 11:30:04',0,0,0,'1111'),
(249,12,'ut blandit non interdum in ante vestibulum ante ipsum','In congue. Etiam justo. Etiam pretium iaculis justo.\n\nIn hac habitasse platea dictumst. Etiam faucibus cursus urna. Ut tellus.\n\nNulla ut erat id mauris vulputate elementum. Nullam varius. Nulla facilisi.','slongcake5i','2023-06-09 11:30:04',0,0,0,'1111'),
(250,12,'posuere cubilia curae mauris viverra diam','Nullam porttitor lacus at turpis. Donec posuere metus vitae ipsum. Aliquam non mauris.','mcockroft5j','2023-06-09 11:30:04',0,0,0,'1111'),
(251,12,'in congue etiam justo etiam','Aenean fermentum. Donec ut mauris eget massa tempor convallis. Nulla neque libero, convallis eget, eleifend luctus, ultricies eu, nibh.\n\nQuisque id justo sit amet sapien dignissim vestibulum. Vestibulum ante ipsum primis in faucibus orci luctus et ultrices posuere cubilia Curae; Nulla dapibus dolor vel est. Donec odio justo, sollicitudin ut, suscipit a, feugiat et, eros.\n\nVestibulum ac est lacinia nisi venenatis tristique. Fusce congue, diam id ornare imperdiet, sapien urna pretium nisl, ut volutpat sapien arcu sed augue. Aliquam erat volutpat.','rpeiro5k','2023-06-09 11:30:04',0,0,0,'1111'),
(252,12,'quis libero nullam sit amet turpis','Etiam vel augue. Vestibulum rutrum rutrum neque. Aenean auctor gravida sem.','asiegertsz5l','2023-06-09 11:30:04',0,0,0,'1111'),
(253,12,'eros elementum pellentesque quisque porta volutpat erat quisque','Donec diam neque, vestibulum eget, vulputate ut, ultrices vel, augue. Vestibulum ante ipsum primis in faucibus orci luctus et ultrices posuere cubilia Curae; Donec pharetra, magna vestibulum aliquet ultrices, erat tortor sollicitudin mi, sit amet lobortis sapien sapien non mi. Integer ac neque.\n\nDuis bibendum. Morbi non quam nec dui luctus rutrum. Nulla tellus.\n\nIn sagittis dui vel nisl. Duis ac nibh. Fusce lacus purus, aliquet at, feugiat non, pretium quis, lectus.','rpevsner5m','2023-06-09 11:30:04',0,0,0,'1111'),
(254,12,'faucibus orci luctus et ultrices posuere','Lorem ipsum dolor sit amet, consectetuer adipiscing elit. Proin risus. Praesent lectus.','jyurasov5n','2023-06-09 11:30:04',0,0,0,'1111'),
(255,12,'convallis eget eleifend luctus ultricies eu nibh quisque id','Vestibulum ac est lacinia nisi venenatis tristique. Fusce congue, diam id ornare imperdiet, sapien urna pretium nisl, ut volutpat sapien arcu sed augue. Aliquam erat volutpat.\n\nIn congue. Etiam justo. Etiam pretium iaculis justo.\n\nIn hac habitasse platea dictumst. Etiam faucibus cursus urna. Ut tellus.','onelthrop5o','2023-06-09 11:30:04',0,0,0,'1111'),
(256,12,'at turpis donec posuere metus vitae','Nulla ut erat id mauris vulputate elementum. Nullam varius. Nulla facilisi.\n\nCras non velit nec nisi vulputate nonummy. Maecenas tincidunt lacus at velit. Vivamus vel nulla eget eros elementum pellentesque.\n\nQuisque porta volutpat erat. Quisque erat eros, viverra eget, congue eget, semper rutrum, nulla. Nunc purus.','jansell5p','2023-06-09 11:30:04',0,0,0,'1111'),
(257,12,'magna bibendum imperdiet nullam orci pede venenatis non sodales','Integer ac leo. Pellentesque ultrices mattis odio. Donec vitae nisi.','sdavis5q','2023-06-09 11:30:04',0,0,0,'1111'),
(258,12,'vel nisl duis ac nibh fusce lacus purus aliquet at','Integer ac leo. Pellentesque ultrices mattis odio. Donec vitae nisi.\n\nNam ultrices, libero non mattis pulvinar, nulla pede ullamcorper augue, a suscipit nulla elit ac nulla. Sed vel enim sit amet nunc viverra dapibus. Nulla suscipit ligula in lacus.\n\nCurabitur at ipsum ac tellus semper interdum. Mauris ullamcorper purus sit amet nulla. Quisque arcu libero, rutrum ac, lobortis vel, dapibus at, diam.','ecominetti5r','2023-06-09 11:30:04',0,0,0,'1111'),
(259,12,'non sodales sed tincidunt eu felis fusce posuere felis sed','Integer ac leo. Pellentesque ultrices mattis odio. Donec vitae nisi.\n\nNam ultrices, libero non mattis pulvinar, nulla pede ullamcorper augue, a suscipit nulla elit ac nulla. Sed vel enim sit amet nunc viverra dapibus. Nulla suscipit ligula in lacus.','cstaning5s','2023-06-09 11:30:04',0,0,0,'1111'),
(260,12,'justo lacinia eget tincidunt eget','Donec diam neque, vestibulum eget, vulputate ut, ultrices vel, augue. Vestibulum ante ipsum primis in faucibus orci luctus et ultrices posuere cubilia Curae; Donec pharetra, magna vestibulum aliquet ultrices, erat tortor sollicitudin mi, sit amet lobortis sapien sapien non mi. Integer ac neque.','irobbings5t','2023-06-09 11:30:04',0,0,0,'1111'),
(261,12,'enim lorem ipsum dolor sit amet consectetuer','In quis justo. Maecenas rhoncus aliquam lacus. Morbi quis tortor id nulla ultrices aliquet.\n\nMaecenas leo odio, condimentum id, luctus nec, molestie sed, justo. Pellentesque viverra pede ac diam. Cras pellentesque volutpat dui.','aeliasson5u','2023-06-09 11:30:04',0,0,0,'1111'),
(262,12,'lacinia erat vestibulum sed magna at','Integer ac leo. Pellentesque ultrices mattis odio. Donec vitae nisi.','hphorsby5v','2023-06-09 11:30:04',0,0,0,'1111'),
(263,12,'lobortis est phasellus sit amet erat nulla tempus vivamus in','Aliquam quis turpis eget elit sodales scelerisque. Mauris sit amet eros. Suspendisse accumsan tortor quis turpis.','cedgworth5w','2023-06-09 11:30:04',0,0,0,'1111'),
(264,12,'vestibulum rutrum rutrum neque aenean auctor gravida sem','Nullam sit amet turpis elementum ligula vehicula consequat. Morbi a ipsum. Integer a nibh.','iborrell5x','2023-06-09 11:30:04',0,0,0,'1111'),
(265,12,'nisl duis bibendum felis sed','Sed ante. Vivamus tortor. Duis mattis egestas metus.\n\nAenean fermentum. Donec ut mauris eget massa tempor convallis. Nulla neque libero, convallis eget, eleifend luctus, ultricies eu, nibh.\n\nQuisque id justo sit amet sapien dignissim vestibulum. Vestibulum ante ipsum primis in faucibus orci luctus et ultrices posuere cubilia Curae; Nulla dapibus dolor vel est. Donec odio justo, sollicitudin ut, suscipit a, feugiat et, eros.','lchalliner5y','2023-06-09 11:30:04',0,0,0,'1111'),
(266,12,'amet nunc viverra dapibus nulla','Fusce consequat. Nulla nisl. Nunc nisl.\n\nDuis bibendum, felis sed interdum venenatis, turpis enim blandit mi, in porttitor pede justo eu massa. Donec dapibus. Duis at velit eu est congue elementum.','hpenney5z','2023-06-09 11:30:04',0,0,0,'1111'),
(267,12,'nisi volutpat eleifend donec ut dolor morbi vel','Morbi non lectus. Aliquam sit amet diam in magna bibendum imperdiet. Nullam orci pede, venenatis non, sodales sed, tincidunt eu, felis.\n\nFusce posuere felis sed lacus. Morbi sem mauris, laoreet ut, rhoncus aliquet, pulvinar sed, nisl. Nunc rhoncus dui vel sem.\n\nSed sagittis. Nam congue, risus semper porta volutpat, quam pede lobortis ligula, sit amet eleifend pede libero quis orci. Nullam molestie nibh in lectus.','hrault60','2023-06-09 11:30:04',0,0,0,'1111'),
(268,12,'quis turpis sed ante vivamus tortor duis mattis egestas','Aenean fermentum. Donec ut mauris eget massa tempor convallis. Nulla neque libero, convallis eget, eleifend luctus, ultricies eu, nibh.','drecher61','2023-06-09 11:30:04',0,0,0,'1111'),
(269,12,'posuere cubilia curae donec pharetra magna vestibulum aliquet ultrices erat','Morbi non lectus. Aliquam sit amet diam in magna bibendum imperdiet. Nullam orci pede, venenatis non, sodales sed, tincidunt eu, felis.\n\nFusce posuere felis sed lacus. Morbi sem mauris, laoreet ut, rhoncus aliquet, pulvinar sed, nisl. Nunc rhoncus dui vel sem.','lbayfield62','2023-06-09 11:30:04',0,0,0,'1111'),
(270,12,'nulla ultrices aliquet maecenas leo','Integer tincidunt ante vel ipsum. Praesent blandit lacinia erat. Vestibulum sed magna at nunc commodo placerat.\n\nPraesent blandit. Nam nulla. Integer pede justo, lacinia eget, tincidunt eget, tempus vel, pede.\n\nMorbi porttitor lorem id ligula. Suspendisse ornare consequat lectus. In est risus, auctor sed, tristique in, tempus sit amet, sem.','marnopp63','2023-06-09 11:30:04',0,0,0,'1111'),
(271,12,'velit donec diam neque vestibulum eget vulputate ut ultrices vel','Lorem ipsum dolor sit amet, consectetuer adipiscing elit. Proin risus. Praesent lectus.\n\nVestibulum quam sapien, varius ut, blandit non, interdum in, ante. Vestibulum ante ipsum primis in faucibus orci luctus et ultrices posuere cubilia Curae; Duis faucibus accumsan odio. Curabitur convallis.','riannello64','2023-06-09 11:30:04',0,0,0,'1111'),
(272,12,'a nibh in quis justo maecenas rhoncus aliquam lacus morbi','Quisque porta volutpat erat. Quisque erat eros, viverra eget, congue eget, semper rutrum, nulla. Nunc purus.','ecramb65','2023-06-09 11:30:04',0,0,0,'1111'),
(273,12,'tempus vivamus in felis eu sapien cursus vestibulum proin','Sed ante. Vivamus tortor. Duis mattis egestas metus.\n\nAenean fermentum. Donec ut mauris eget massa tempor convallis. Nulla neque libero, convallis eget, eleifend luctus, ultricies eu, nibh.\n\nQuisque id justo sit amet sapien dignissim vestibulum. Vestibulum ante ipsum primis in faucibus orci luctus et ultrices posuere cubilia Curae; Nulla dapibus dolor vel est. Donec odio justo, sollicitudin ut, suscipit a, feugiat et, eros.','mlempke66','2023-06-09 11:30:04',0,0,0,'1111'),
(274,12,'placerat ante nulla justo aliquam quis','Maecenas ut massa quis augue luctus tincidunt. Nulla mollis molestie lorem. Quisque ut erat.\n\nCurabitur gravida nisi at nibh. In hac habitasse platea dictumst. Aliquam augue quam, sollicitudin vitae, consectetuer eget, rutrum at, lorem.\n\nInteger tincidunt ante vel ipsum. Praesent blandit lacinia erat. Vestibulum sed magna at nunc commodo placerat.','hcuthill67','2023-06-09 11:30:04',0,0,0,'1111'),
(275,12,'cursus id turpis integer aliquet massa id lobortis','In sagittis dui vel nisl. Duis ac nibh. Fusce lacus purus, aliquet at, feugiat non, pretium quis, lectus.\n\nSuspendisse potenti. In eleifend quam a odio. In hac habitasse platea dictumst.\n\nMaecenas ut massa quis augue luctus tincidunt. Nulla mollis molestie lorem. Quisque ut erat.','dafonso68','2023-06-09 11:30:04',0,0,0,'1111'),
(276,12,'nulla pede ullamcorper augue a suscipit nulla elit ac','Pellentesque at nulla. Suspendisse potenti. Cras in purus eu magna vulputate luctus.\n\nCum sociis natoque penatibus et magnis dis parturient montes, nascetur ridiculus mus. Vivamus vestibulum sagittis sapien. Cum sociis natoque penatibus et magnis dis parturient montes, nascetur ridiculus mus.\n\nEtiam vel augue. Vestibulum rutrum rutrum neque. Aenean auctor gravida sem.','ugartan69','2023-06-09 11:30:04',0,0,0,'1111'),
(277,12,'rhoncus aliquet pulvinar sed nisl nunc rhoncus dui vel','Proin interdum mauris non ligula pellentesque ultrices. Phasellus id sapien in sapien iaculis congue. Vivamus metus arcu, adipiscing molestie, hendrerit at, vulputate vitae, nisl.\n\nAenean lectus. Pellentesque eget nunc. Donec quis orci eget orci vehicula condimentum.','ccruess6a','2023-06-09 11:30:04',0,0,0,'1111'),
(278,12,'amet eros suspendisse accumsan tortor quis turpis sed ante','Donec diam neque, vestibulum eget, vulputate ut, ultrices vel, augue. Vestibulum ante ipsum primis in faucibus orci luctus et ultrices posuere cubilia Curae; Donec pharetra, magna vestibulum aliquet ultrices, erat tortor sollicitudin mi, sit amet lobortis sapien sapien non mi. Integer ac neque.\n\nDuis bibendum. Morbi non quam nec dui luctus rutrum. Nulla tellus.\n\nIn sagittis dui vel nisl. Duis ac nibh. Fusce lacus purus, aliquet at, feugiat non, pretium quis, lectus.','tmillmore6b','2023-06-09 11:30:04',0,0,0,'1111'),
(279,12,'et ultrices posuere cubilia curae mauris viverra','Fusce posuere felis sed lacus. Morbi sem mauris, laoreet ut, rhoncus aliquet, pulvinar sed, nisl. Nunc rhoncus dui vel sem.\n\nSed sagittis. Nam congue, risus semper porta volutpat, quam pede lobortis ligula, sit amet eleifend pede libero quis orci. Nullam molestie nibh in lectus.','lkellick6c','2023-06-09 11:30:04',0,0,0,'1111'),
(280,12,'nisl venenatis lacinia aenean sit amet','Fusce posuere felis sed lacus. Morbi sem mauris, laoreet ut, rhoncus aliquet, pulvinar sed, nisl. Nunc rhoncus dui vel sem.','vrembrandt6d','2023-06-09 11:30:04',0,0,0,'1111'),
(281,12,'sapien cum sociis natoque penatibus et magnis dis parturient','Sed ante. Vivamus tortor. Duis mattis egestas metus.\n\nAenean fermentum. Donec ut mauris eget massa tempor convallis. Nulla neque libero, convallis eget, eleifend luctus, ultricies eu, nibh.','hbottoner6e','2023-06-09 11:30:04',0,0,0,'1111'),
(282,12,'donec semper sapien a libero nam dui proin leo odio','Mauris enim leo, rhoncus sed, vestibulum sit amet, cursus id, turpis. Integer aliquet, massa id lobortis convallis, tortor risus dapibus augue, vel accumsan tellus nisi eu orci. Mauris lacinia sapien quis libero.\n\nNullam sit amet turpis elementum ligula vehicula consequat. Morbi a ipsum. Integer a nibh.','bhaydock6f','2023-06-09 11:30:04',0,0,0,'1111'),
(283,12,'ultrices aliquet maecenas leo odio condimentum id luctus nec molestie','Pellentesque at nulla. Suspendisse potenti. Cras in purus eu magna vulputate luctus.\n\nCum sociis natoque penatibus et magnis dis parturient montes, nascetur ridiculus mus. Vivamus vestibulum sagittis sapien. Cum sociis natoque penatibus et magnis dis parturient montes, nascetur ridiculus mus.','gchard6g','2023-06-09 11:30:04',0,0,0,'1111'),
(284,12,'etiam pretium iaculis justo in','Duis aliquam convallis nunc. Proin at turpis a pede posuere nonummy. Integer non velit.\n\nDonec diam neque, vestibulum eget, vulputate ut, ultrices vel, augue. Vestibulum ante ipsum primis in faucibus orci luctus et ultrices posuere cubilia Curae; Donec pharetra, magna vestibulum aliquet ultrices, erat tortor sollicitudin mi, sit amet lobortis sapien sapien non mi. Integer ac neque.','umitkov6h','2023-06-09 11:30:04',0,0,0,'1111'),
(285,12,'donec semper sapien a libero nam dui proin leo','Curabitur in libero ut massa volutpat convallis. Morbi odio odio, elementum eu, interdum eu, tincidunt in, leo. Maecenas pulvinar lobortis est.\n\nPhasellus sit amet erat. Nulla tempus. Vivamus in felis eu sapien cursus vestibulum.\n\nProin eu mi. Nulla ac enim. In tempor, turpis nec euismod scelerisque, quam turpis adipiscing lorem, vitae mattis nibh ligula nec sem.','llisimore6i','2023-06-09 11:30:04',0,0,0,'1111'),
(286,12,'adipiscing lorem vitae mattis nibh ligula nec sem duis','Sed ante. Vivamus tortor. Duis mattis egestas metus.\n\nAenean fermentum. Donec ut mauris eget massa tempor convallis. Nulla neque libero, convallis eget, eleifend luctus, ultricies eu, nibh.\n\nQuisque id justo sit amet sapien dignissim vestibulum. Vestibulum ante ipsum primis in faucibus orci luctus et ultrices posuere cubilia Curae; Nulla dapibus dolor vel est. Donec odio justo, sollicitudin ut, suscipit a, feugiat et, eros.','mdast6j','2023-06-09 11:30:04',0,0,0,'1111'),
(287,12,'neque libero convallis eget eleifend luctus ultricies eu nibh quisque','Maecenas tristique, est et tempus semper, est quam pharetra magna, ac consequat metus sapien ut nunc. Vestibulum ante ipsum primis in faucibus orci luctus et ultrices posuere cubilia Curae; Mauris viverra diam vitae quam. Suspendisse potenti.\n\nNullam porttitor lacus at turpis. Donec posuere metus vitae ipsum. Aliquam non mauris.','cblown6k','2023-06-09 11:30:04',0,0,0,'1111'),
(288,12,'proin leo odio porttitor id consequat in consequat','In congue. Etiam justo. Etiam pretium iaculis justo.\n\nIn hac habitasse platea dictumst. Etiam faucibus cursus urna. Ut tellus.\n\nNulla ut erat id mauris vulputate elementum. Nullam varius. Nulla facilisi.','abuglass6l','2023-06-09 11:30:04',0,0,0,'1111'),
(289,12,'sapien sapien non mi integer ac neque','Proin eu mi. Nulla ac enim. In tempor, turpis nec euismod scelerisque, quam turpis adipiscing lorem, vitae mattis nibh ligula nec sem.\n\nDuis aliquam convallis nunc. Proin at turpis a pede posuere nonummy. Integer non velit.','pclewarth6m','2023-06-09 11:30:04',0,0,0,'1111'),
(290,12,'amet justo morbi ut odio cras','Praesent blandit. Nam nulla. Integer pede justo, lacinia eget, tincidunt eget, tempus vel, pede.','vcowperthwaite6n','2023-06-09 11:30:04',0,0,0,'1111'),
(291,12,'maecenas pulvinar lobortis est phasellus sit','In quis justo. Maecenas rhoncus aliquam lacus. Morbi quis tortor id nulla ultrices aliquet.\n\nMaecenas leo odio, condimentum id, luctus nec, molestie sed, justo. Pellentesque viverra pede ac diam. Cras pellentesque volutpat dui.\n\nMaecenas tristique, est et tempus semper, est quam pharetra magna, ac consequat metus sapien ut nunc. Vestibulum ante ipsum primis in faucibus orci luctus et ultrices posuere cubilia Curae; Mauris viverra diam vitae quam. Suspendisse potenti.','cgoodlip6o','2023-06-09 11:30:04',0,0,0,'1111'),
(292,12,'volutpat in congue etiam justo etiam pretium','Aliquam quis turpis eget elit sodales scelerisque. Mauris sit amet eros. Suspendisse accumsan tortor quis turpis.','mredwall6p','2023-06-09 11:30:04',0,0,0,'1111'),
(293,12,'pede justo lacinia eget tincidunt eget tempus vel pede','Integer ac leo. Pellentesque ultrices mattis odio. Donec vitae nisi.','wocahey6q','2023-06-09 11:30:04',0,0,0,'1111'),
(294,12,'blandit lacinia erat vestibulum sed magna at','Duis consequat dui nec nisi volutpat eleifend. Donec ut dolor. Morbi vel lectus in quam fringilla rhoncus.','mnoads6r','2023-06-09 11:30:04',0,0,0,'1111'),
(295,12,'quisque ut erat curabitur gravida nisi at','Curabitur gravida nisi at nibh. In hac habitasse platea dictumst. Aliquam augue quam, sollicitudin vitae, consectetuer eget, rutrum at, lorem.\n\nInteger tincidunt ante vel ipsum. Praesent blandit lacinia erat. Vestibulum sed magna at nunc commodo placerat.','tsucre6s','2023-06-09 11:30:04',0,0,0,'1111'),
(296,12,'eget congue eget semper rutrum nulla nunc purus phasellus in','Maecenas ut massa quis augue luctus tincidunt. Nulla mollis molestie lorem. Quisque ut erat.\n\nCurabitur gravida nisi at nibh. In hac habitasse platea dictumst. Aliquam augue quam, sollicitudin vitae, consectetuer eget, rutrum at, lorem.\n\nInteger tincidunt ante vel ipsum. Praesent blandit lacinia erat. Vestibulum sed magna at nunc commodo placerat.','rdonise6t','2023-06-09 11:30:04',0,0,0,'1111'),
(297,12,'turpis integer aliquet massa id lobortis convallis tortor risus','Lorem ipsum dolor sit amet, consectetuer adipiscing elit. Proin risus. Praesent lectus.','dtempleton6u','2023-06-09 11:30:04',0,0,0,'1111'),
(298,12,'mi integer ac neque duis','Cras mi pede, malesuada in, imperdiet et, commodo vulputate, justo. In blandit ultrices enim. Lorem ipsum dolor sit amet, consectetuer adipiscing elit.\n\nProin interdum mauris non ligula pellentesque ultrices. Phasellus id sapien in sapien iaculis congue. Vivamus metus arcu, adipiscing molestie, hendrerit at, vulputate vitae, nisl.','gmussettini6v','2023-06-09 11:30:04',0,0,0,'1111'),
(299,12,'erat id mauris vulputate elementum','Curabitur in libero ut massa volutpat convallis. Morbi odio odio, elementum eu, interdum eu, tincidunt in, leo. Maecenas pulvinar lobortis est.\n\nPhasellus sit amet erat. Nulla tempus. Vivamus in felis eu sapien cursus vestibulum.\n\nProin eu mi. Nulla ac enim. In tempor, turpis nec euismod scelerisque, quam turpis adipiscing lorem, vitae mattis nibh ligula nec sem.','ktunnadine6w','2023-06-09 11:30:04',0,0,0,'1111'),
(300,12,'etiam pretium iaculis justo in hac','In quis justo. Maecenas rhoncus aliquam lacus. Morbi quis tortor id nulla ultrices aliquet.\n\nMaecenas leo odio, condimentum id, luctus nec, molestie sed, justo. Pellentesque viverra pede ac diam. Cras pellentesque volutpat dui.','csamwell6x','2023-06-09 11:30:04',0,0,0,'1111'),
(301,5,'z','z','ㅇㅇ','2023-06-13 17:53:43',0,0,0,'1'),
(302,5,'t','t','ㅇㅇ','2023-06-13 17:54:42',0,0,0,'1'),
(303,5,'아 사진되면 뒤졌다 이갤러리 ㄹㅇㅋㅋ','너구리 사진 듬뿍대기중 아 ㅋㅋ ㄹㅇㅋㅋ 기대하라고 ㄹㅇㅋㅋㄹㅃㅃ','ㅇㅇ','2023-06-14 09:33:58',2,0,0,'1231');
/*!40000 ALTER TABLE `post` ENABLE KEYS */;
UNLOCK TABLES;
/*!40103 SET TIME_ZONE=@OLD_TIME_ZONE */;

/*!40101 SET SQL_MODE=@OLD_SQL_MODE */;
/*!40014 SET FOREIGN_KEY_CHECKS=@OLD_FOREIGN_KEY_CHECKS */;
/*!40014 SET UNIQUE_CHECKS=@OLD_UNIQUE_CHECKS */;
/*!40101 SET CHARACTER_SET_CLIENT=@OLD_CHARACTER_SET_CLIENT */;
/*!40101 SET CHARACTER_SET_RESULTS=@OLD_CHARACTER_SET_RESULTS */;
/*!40101 SET COLLATION_CONNECTION=@OLD_COLLATION_CONNECTION */;
/*!40111 SET SQL_NOTES=@OLD_SQL_NOTES */;

-- Dump completed on 2023-11-17 20:14:07
